feature_id	n_matched_contexts	n_ambient_units	n_reference_units	ambient_minus_other_median_native	ambient_minus_other_median_z	ambient_metric_scale	ambient_interpretation	ambient_status
FM01	1697	1697	13270	-0.11970539721685203		native_score	observed_low_quality_state_proxy_not_contamination_causality	OBSERVED_LOW_QUALITY_STATE_PROXY_AVAILABLE
FM02	1697	1697	13270	-0.34537384939777116		native_score	observed_low_quality_state_proxy_not_contamination_causality	OBSERVED_LOW_QUALITY_STATE_PROXY_AVAILABLE
FM03	1697	1697	13270	-0.30489257146086857		native_score	observed_low_quality_state_proxy_not_contamination_causality	OBSERVED_LOW_QUALITY_STATE_PROXY_AVAILABLE
FM04	1697	1697	13270	-0.161991499134313		native_score	observed_low_quality_state_proxy_not_contamination_causality	OBSERVED_LOW_QUALITY_STATE_PROXY_AVAILABLE
FM05	1697	1697	13270	-0.2819804742368186		native_score	observed_low_quality_state_proxy_not_contamination_causality	OBSERVED_LOW_QUALITY_STATE_PROXY_AVAILABLE
FM06	1697	1697	13270	-0.2241036508659322		native_score	observed_low_quality_state_proxy_not_contamination_causality	OBSERVED_LOW_QUALITY_STATE_PROXY_AVAILABLE
FM07	1697	1697	13270	-0.12710318143850596		native_score	observed_low_quality_state_proxy_not_contamination_causality	OBSERVED_LOW_QUALITY_STATE_PROXY_AVAILABLE
FM08	1697	1697	13270	-0.25225018301161395		native_score	observed_low_quality_state_proxy_not_contamination_causality	OBSERVED_LOW_QUALITY_STATE_PROXY_AVAILABLE
mechanism__angiogenesis_endothelial__curated_angiogenesis	1697	1697	13270	-0.11583014074079045		native_score	observed_low_quality_state_proxy_not_contamination_causality	OBSERVED_LOW_QUALITY_STATE_PROXY_AVAILABLE
mechanism__angiogenesis_endothelial__hallmark_angiogenesis	1697	1697	13270	0.041288460089605517		native_score	observed_low_quality_state_proxy_not_contamination_causality	OBSERVED_LOW_QUALITY_STATE_PROXY_AVAILABLE
mechanism__angiogenesis_endothelial__reactome_vegf	1697	1697	13270	0.04692961297418874		native_score	observed_low_quality_state_proxy_not_contamination_causality	OBSERVED_LOW_QUALITY_STATE_PROXY_AVAILABLE
mechanism__apc_ifn_apm__curated_antigen_presentation	1697	1697	13270	-0.510085392779926		native_score	observed_low_quality_state_proxy_not_contamination_causality	OBSERVED_LOW_QUALITY_STATE_PROXY_AVAILABLE
mechanism__apc_ifn_apm__curated_apc_dc_activation	1697	1697	13270	0.07610279599603187		native_score	observed_low_quality_state_proxy_not_contamination_causality	OBSERVED_LOW_QUALITY_STATE_PROXY_AVAILABLE
mechanism__apc_ifn_apm__curated_ifn_response	1697	1697	13270	-0.15742198066217994		native_score	observed_low_quality_state_proxy_not_contamination_causality	OBSERVED_LOW_QUALITY_STATE_PROXY_AVAILABLE
mechanism__apc_ifn_apm__hallmark_ifn_alpha	1697	1697	13270	-0.039173489579087395		native_score	observed_low_quality_state_proxy_not_contamination_causality	OBSERVED_LOW_QUALITY_STATE_PROXY_AVAILABLE
mechanism__apc_ifn_apm__hallmark_ifn_gamma	1697	1697	13270	-0.044984572164830094		native_score	observed_low_quality_state_proxy_not_contamination_causality	OBSERVED_LOW_QUALITY_STATE_PROXY_AVAILABLE
mechanism__apc_ifn_apm__reactome_ifn_alpha_beta	1697	1697	13270	-0.021935668884367043		native_score	observed_low_quality_state_proxy_not_contamination_causality	OBSERVED_LOW_QUALITY_STATE_PROXY_AVAILABLE
mechanism__apc_ifn_apm__reactome_ifn_gamma	1697	1697	13270	-0.07456158144473246		native_score	observed_low_quality_state_proxy_not_contamination_causality	OBSERVED_LOW_QUALITY_STATE_PROXY_AVAILABLE
mechanism__apc_ifn_apm__reactome_mhc_i	1697	1697	13270	0.01911353899283874		native_score	observed_low_quality_state_proxy_not_contamination_causality	OBSERVED_LOW_QUALITY_STATE_PROXY_AVAILABLE
mechanism__apc_ifn_apm__reactome_mhc_ii	1697	1697	13270	-0.08480894132740913		native_score	observed_low_quality_state_proxy_not_contamination_causality	OBSERVED_LOW_QUALITY_STATE_PROXY_AVAILABLE
mechanism__caf_ecm__curated_stromal_tgfb	1697	1697	13270	-0.051304549313051284		native_score	observed_low_quality_state_proxy_not_contamination_causality	OBSERVED_LOW_QUALITY_STATE_PROXY_AVAILABLE
mechanism__caf_ecm__hallmark_emt	1697	1697	13270	0.03345679876628349		native_score	observed_low_quality_state_proxy_not_contamination_causality	OBSERVED_LOW_QUALITY_STATE_PROXY_AVAILABLE
mechanism__caf_ecm__reactome_ecm	1697	1697	13270	0.045615445686823186		native_score	observed_low_quality_state_proxy_not_contamination_causality	OBSERVED_LOW_QUALITY_STATE_PROXY_AVAILABLE
mechanism__cytotoxic_t_nk__curated_cytotoxicity	1697	1697	13270	-0.24609616889523922		native_score	observed_low_quality_state_proxy_not_contamination_causality	OBSERVED_LOW_QUALITY_STATE_PROXY_AVAILABLE
mechanism__cytotoxic_t_nk__curated_nk_cytotoxicity	1697	1697	13270	-0.23289241384098336		native_score	observed_low_quality_state_proxy_not_contamination_causality	OBSERVED_LOW_QUALITY_STATE_PROXY_AVAILABLE
mechanism__cytotoxic_t_nk__hallmark_allograft_rejection	1697	1697	13270	-0.0076863536214539785		native_score	observed_low_quality_state_proxy_not_contamination_causality	OBSERVED_LOW_QUALITY_STATE_PROXY_AVAILABLE
mechanism__exhaustion__curated_broad_exhaustion	1697	1697	13270	0.28558099232113654		native_score	observed_low_quality_state_proxy_not_contamination_causality	OBSERVED_LOW_QUALITY_STATE_PROXY_AVAILABLE
mechanism__exhaustion__sentinel_progenitor_exhaustion	1697	1697	13270	0.6079256037447225		native_score	observed_low_quality_state_proxy_not_contamination_causality	OBSERVED_LOW_QUALITY_STATE_PROXY_AVAILABLE
mechanism__exhaustion__sentinel_terminal_exhaustion	1697	1697	13270	0.07710467203855131		native_score	observed_low_quality_state_proxy_not_contamination_causality	OBSERVED_LOW_QUALITY_STATE_PROXY_AVAILABLE
mechanism__hypoxia__curated_hypoxia	1697	1697	13270	0.0243648090193469		native_score	observed_low_quality_state_proxy_not_contamination_causality	OBSERVED_LOW_QUALITY_STATE_PROXY_AVAILABLE
mechanism__hypoxia__hallmark_hypoxia	1697	1697	13270	0.042465421427094974		native_score	observed_low_quality_state_proxy_not_contamination_causality	OBSERVED_LOW_QUALITY_STATE_PROXY_AVAILABLE
mechanism__neutrophil_tan_net__reactome_neutrophil_degranulation	1697	1697	13270	-0.022423528352492283		native_score	observed_low_quality_state_proxy_not_contamination_causality	OBSERVED_LOW_QUALITY_STATE_PROXY_AVAILABLE
mechanism__neutrophil_tan_net__sentinel_neutrophil_net	1697	1697	13270	-0.04895364756574461		native_score	observed_low_quality_state_proxy_not_contamination_causality	OBSERVED_LOW_QUALITY_STATE_PROXY_AVAILABLE
mechanism__suppressive_myeloid__curated_myeloid_suppression	1697	1697	13270	0.06644863353761887		native_score	observed_low_quality_state_proxy_not_contamination_causality	OBSERVED_LOW_QUALITY_STATE_PROXY_AVAILABLE
mechanism__tls_b__reactome_bcr	1697	1697	13270	-0.017347452061950097		native_score	observed_low_quality_state_proxy_not_contamination_causality	OBSERVED_LOW_QUALITY_STATE_PROXY_AVAILABLE
mechanism__tls_b__sentinel_tls_b	1697	1697	13270	-0.037995384122200715		native_score	observed_low_quality_state_proxy_not_contamination_causality	OBSERVED_LOW_QUALITY_STATE_PROXY_AVAILABLE
mechanism__wnt_beta_catenin__hallmark_wnt_beta_catenin	1697	1697	13270	0.11813741195422445		native_score	observed_low_quality_state_proxy_not_contamination_causality	OBSERVED_LOW_QUALITY_STATE_PROXY_AVAILABLE
mechanism__wnt_beta_catenin__reactome_wnt	1697	1697	13270	0.027057499570914523		native_score	observed_low_quality_state_proxy_not_contamination_causality	OBSERVED_LOW_QUALITY_STATE_PROXY_AVAILABLE
mechanism__wnt_beta_catenin__sentinel_tumor_wnt	1697	1697	13270	0.23858415518890164		native_score	observed_low_quality_state_proxy_not_contamination_causality	OBSERVED_LOW_QUALITY_STATE_PROXY_AVAILABLE
