feature_id	n_patient_timepoints	n_cohorts	n_platforms	cohort_eta_squared	cohort_status	platform_eta_squared	platform_status	tissue_eta_squared_context_only	library_size_spearman	n_cells_spearman	residualization	status
FM01	1876	44	1	0.6707398802485735	COMPUTED_PATIENT_TIMEPOINT_EQUAL_WEIGHT		NOT_TESTABLE_SINGLE_PLATFORM	0.2160567205058525	0.09342104841139429	0.12426745381582499	global_cell_state_level_median_on_native_score	DIAGNOSTIC_NOT_AUTOMATICALLY_REGRESSED
FM02	1876	44	1	0.8305714775724639	COMPUTED_PATIENT_TIMEPOINT_EQUAL_WEIGHT		NOT_TESTABLE_SINGLE_PLATFORM	0.062230903960118725	0.18555866121285514	0.18973875267149562	global_cell_state_level_median_on_native_score	DIAGNOSTIC_NOT_AUTOMATICALLY_REGRESSED
FM03	1876	44	1	0.8115027115885071	COMPUTED_PATIENT_TIMEPOINT_EQUAL_WEIGHT		NOT_TESTABLE_SINGLE_PLATFORM	0.057042592043968804	0.14146939421292873	0.1473810011723782	global_cell_state_level_median_on_native_score	DIAGNOSTIC_NOT_AUTOMATICALLY_REGRESSED
FM04	1876	44	1	0.7349045413380918	COMPUTED_PATIENT_TIMEPOINT_EQUAL_WEIGHT		NOT_TESTABLE_SINGLE_PLATFORM	0.0867583429341136	0.08780426784092842	0.09738848536525611	global_cell_state_level_median_on_native_score	DIAGNOSTIC_NOT_AUTOMATICALLY_REGRESSED
FM05	1876	44	1	0.7201606284825005	COMPUTED_PATIENT_TIMEPOINT_EQUAL_WEIGHT		NOT_TESTABLE_SINGLE_PLATFORM	0.06611180245797468	-0.08956233683537282	-0.012770202000850201	global_cell_state_level_median_on_native_score	DIAGNOSTIC_NOT_AUTOMATICALLY_REGRESSED
FM06	1876	44	1	0.832082347539831	COMPUTED_PATIENT_TIMEPOINT_EQUAL_WEIGHT		NOT_TESTABLE_SINGLE_PLATFORM	0.08121073582061668	0.18174086010756807	0.1600785690882127	global_cell_state_level_median_on_native_score	DIAGNOSTIC_NOT_AUTOMATICALLY_REGRESSED
FM07	1876	44	1	0.7723585975086263	COMPUTED_PATIENT_TIMEPOINT_EQUAL_WEIGHT		NOT_TESTABLE_SINGLE_PLATFORM	0.07173225638621718	0.1719766396630575	0.17851538659406782	global_cell_state_level_median_on_native_score	DIAGNOSTIC_NOT_AUTOMATICALLY_REGRESSED
FM08	1876	44	1	0.6788554715582963	COMPUTED_PATIENT_TIMEPOINT_EQUAL_WEIGHT		NOT_TESTABLE_SINGLE_PLATFORM	0.08187356694047805	-0.05432621099523019	0.006624028248800492	global_cell_state_level_median_on_native_score	DIAGNOSTIC_NOT_AUTOMATICALLY_REGRESSED
mechanism__angiogenesis_endothelial__curated_angiogenesis	1876	44	1	0.7242980828940263	COMPUTED_PATIENT_TIMEPOINT_EQUAL_WEIGHT		NOT_TESTABLE_SINGLE_PLATFORM	0.07062310911582555	0.33936039452914135	0.3043895929063965	global_cell_state_level_median_on_native_score	DIAGNOSTIC_NOT_AUTOMATICALLY_REGRESSED
mechanism__angiogenesis_endothelial__hallmark_angiogenesis	1876	44	1	0.7672007655568847	COMPUTED_PATIENT_TIMEPOINT_EQUAL_WEIGHT		NOT_TESTABLE_SINGLE_PLATFORM	0.09258192587715382	0.3009370043106968	0.2985369999911156	global_cell_state_level_median_on_native_score	DIAGNOSTIC_NOT_AUTOMATICALLY_REGRESSED
mechanism__angiogenesis_endothelial__reactome_vegf	1876	44	1	0.5927396005202203	COMPUTED_PATIENT_TIMEPOINT_EQUAL_WEIGHT		NOT_TESTABLE_SINGLE_PLATFORM	0.0438375920980203	0.47112069287179625	0.48183280017581764	global_cell_state_level_median_on_native_score	DIAGNOSTIC_NOT_AUTOMATICALLY_REGRESSED
mechanism__apc_ifn_apm__curated_antigen_presentation	1876	44	1	0.6862731165224882	COMPUTED_PATIENT_TIMEPOINT_EQUAL_WEIGHT		NOT_TESTABLE_SINGLE_PLATFORM	0.0729241266869403	0.22635114350097188	0.24091426880669795	global_cell_state_level_median_on_native_score	DIAGNOSTIC_NOT_AUTOMATICALLY_REGRESSED
mechanism__apc_ifn_apm__curated_apc_dc_activation	1876	44	1	0.6857678065912054	COMPUTED_PATIENT_TIMEPOINT_EQUAL_WEIGHT		NOT_TESTABLE_SINGLE_PLATFORM	0.0661444368380224	0.376301635892774	0.3664207290072686	global_cell_state_level_median_on_native_score	DIAGNOSTIC_NOT_AUTOMATICALLY_REGRESSED
mechanism__apc_ifn_apm__curated_ifn_response	1876	44	1	0.40215385544846066	COMPUTED_PATIENT_TIMEPOINT_EQUAL_WEIGHT		NOT_TESTABLE_SINGLE_PLATFORM	0.17042959263236582	-0.0034382697753999477	-0.048692462745013085	global_cell_state_level_median_on_native_score	DIAGNOSTIC_NOT_AUTOMATICALLY_REGRESSED
mechanism__apc_ifn_apm__hallmark_ifn_alpha	1876	44	1	0.36763708208555274	COMPUTED_PATIENT_TIMEPOINT_EQUAL_WEIGHT		NOT_TESTABLE_SINGLE_PLATFORM	0.05579487312289081	0.42203428367678153	0.42137436676332807	global_cell_state_level_median_on_native_score	DIAGNOSTIC_NOT_AUTOMATICALLY_REGRESSED
mechanism__apc_ifn_apm__hallmark_ifn_gamma	1876	44	1	0.43845073330717366	COMPUTED_PATIENT_TIMEPOINT_EQUAL_WEIGHT		NOT_TESTABLE_SINGLE_PLATFORM	0.053948471977482676	0.4405050225830635	0.44886650791118776	global_cell_state_level_median_on_native_score	DIAGNOSTIC_NOT_AUTOMATICALLY_REGRESSED
mechanism__apc_ifn_apm__reactome_ifn_alpha_beta	1876	44	1	0.5481548465360991	COMPUTED_PATIENT_TIMEPOINT_EQUAL_WEIGHT		NOT_TESTABLE_SINGLE_PLATFORM	0.12675938396241845	0.29724128664623195	0.2952294933299367	global_cell_state_level_median_on_native_score	DIAGNOSTIC_NOT_AUTOMATICALLY_REGRESSED
mechanism__apc_ifn_apm__reactome_ifn_gamma	1876	44	1	0.5068695398161597	COMPUTED_PATIENT_TIMEPOINT_EQUAL_WEIGHT		NOT_TESTABLE_SINGLE_PLATFORM	0.05855526456387061	0.4185923266813128	0.4200985606862694	global_cell_state_level_median_on_native_score	DIAGNOSTIC_NOT_AUTOMATICALLY_REGRESSED
mechanism__apc_ifn_apm__reactome_mhc_i	1876	44	1	0.45995537043801205	COMPUTED_PATIENT_TIMEPOINT_EQUAL_WEIGHT		NOT_TESTABLE_SINGLE_PLATFORM	0.052484099842481244	0.5128897415052758	0.5198667584648731	global_cell_state_level_median_on_native_score	DIAGNOSTIC_NOT_AUTOMATICALLY_REGRESSED
mechanism__apc_ifn_apm__reactome_mhc_ii	1876	44	1	0.5916158840253782	COMPUTED_PATIENT_TIMEPOINT_EQUAL_WEIGHT		NOT_TESTABLE_SINGLE_PLATFORM	0.071423292071491	0.44581564639412163	0.42904296688911336	global_cell_state_level_median_on_native_score	DIAGNOSTIC_NOT_AUTOMATICALLY_REGRESSED
mechanism__caf_ecm__curated_stromal_tgfb	1876	44	1	0.735941832965058	COMPUTED_PATIENT_TIMEPOINT_EQUAL_WEIGHT		NOT_TESTABLE_SINGLE_PLATFORM	0.12187967692506467	0.2758050537813753	0.28182495915743994	global_cell_state_level_median_on_native_score	DIAGNOSTIC_NOT_AUTOMATICALLY_REGRESSED
mechanism__caf_ecm__hallmark_emt	1876	44	1	0.7522344005416216	COMPUTED_PATIENT_TIMEPOINT_EQUAL_WEIGHT		NOT_TESTABLE_SINGLE_PLATFORM	0.12495996972387916	0.35393554323191995	0.3389702819962308	global_cell_state_level_median_on_native_score	DIAGNOSTIC_NOT_AUTOMATICALLY_REGRESSED
mechanism__caf_ecm__reactome_ecm	1876	44	1	0.7384380699330669	COMPUTED_PATIENT_TIMEPOINT_EQUAL_WEIGHT		NOT_TESTABLE_SINGLE_PLATFORM	0.08776136291803845	0.39534278723481114	0.36895937004069884	global_cell_state_level_median_on_native_score	DIAGNOSTIC_NOT_AUTOMATICALLY_REGRESSED
mechanism__cytotoxic_t_nk__curated_cytotoxicity	1876	44	1	0.775229267288085	COMPUTED_PATIENT_TIMEPOINT_EQUAL_WEIGHT		NOT_TESTABLE_SINGLE_PLATFORM	0.08851044290572982	0.03166787253087363	0.11380840868929097	global_cell_state_level_median_on_native_score	DIAGNOSTIC_NOT_AUTOMATICALLY_REGRESSED
mechanism__cytotoxic_t_nk__curated_nk_cytotoxicity	1876	44	1	0.7997161649921172	COMPUTED_PATIENT_TIMEPOINT_EQUAL_WEIGHT		NOT_TESTABLE_SINGLE_PLATFORM	0.15775588209525268	0.06083605311682363	0.13187316303823074	global_cell_state_level_median_on_native_score	DIAGNOSTIC_NOT_AUTOMATICALLY_REGRESSED
mechanism__cytotoxic_t_nk__hallmark_allograft_rejection	1876	44	1	0.4975557201840762	COMPUTED_PATIENT_TIMEPOINT_EQUAL_WEIGHT		NOT_TESTABLE_SINGLE_PLATFORM	0.0528711305506919	0.39006326687745424	0.43346130787975107	global_cell_state_level_median_on_native_score	DIAGNOSTIC_NOT_AUTOMATICALLY_REGRESSED
mechanism__exhaustion__curated_broad_exhaustion	1876	44	1	0.5019801932973188	COMPUTED_PATIENT_TIMEPOINT_EQUAL_WEIGHT		NOT_TESTABLE_SINGLE_PLATFORM	0.19057814637152132	0.14241043556573618	0.10935289322456651	global_cell_state_level_median_on_native_score	DIAGNOSTIC_NOT_AUTOMATICALLY_REGRESSED
mechanism__exhaustion__sentinel_progenitor_exhaustion	1876	44	1	0.6057518970785033	COMPUTED_PATIENT_TIMEPOINT_EQUAL_WEIGHT		NOT_TESTABLE_SINGLE_PLATFORM	0.20109144591907785	0.17571386981092355	0.22044179479513545	global_cell_state_level_median_on_native_score	DIAGNOSTIC_NOT_AUTOMATICALLY_REGRESSED
mechanism__exhaustion__sentinel_terminal_exhaustion	1876	44	1	0.5437827570077003	COMPUTED_PATIENT_TIMEPOINT_EQUAL_WEIGHT		NOT_TESTABLE_SINGLE_PLATFORM	0.19485478804076545	0.25054555979887216	0.2542648058484872	global_cell_state_level_median_on_native_score	DIAGNOSTIC_NOT_AUTOMATICALLY_REGRESSED
mechanism__hypoxia__curated_hypoxia	1876	44	1	0.4760071435619911	COMPUTED_PATIENT_TIMEPOINT_EQUAL_WEIGHT		NOT_TESTABLE_SINGLE_PLATFORM	0.08660440166739315	0.3432264778118055	0.31711636813622246	global_cell_state_level_median_on_native_score	DIAGNOSTIC_NOT_AUTOMATICALLY_REGRESSED
mechanism__hypoxia__hallmark_hypoxia	1876	44	1	0.6355308264450275	COMPUTED_PATIENT_TIMEPOINT_EQUAL_WEIGHT		NOT_TESTABLE_SINGLE_PLATFORM	0.09100780858452882	0.4435304686581351	0.42466612830874306	global_cell_state_level_median_on_native_score	DIAGNOSTIC_NOT_AUTOMATICALLY_REGRESSED
mechanism__neutrophil_tan_net__reactome_neutrophil_degranulation	1876	44	1	0.6258687910106109	COMPUTED_PATIENT_TIMEPOINT_EQUAL_WEIGHT		NOT_TESTABLE_SINGLE_PLATFORM	0.07192428783664298	0.45824723176828264	0.4596287371094957	global_cell_state_level_median_on_native_score	DIAGNOSTIC_NOT_AUTOMATICALLY_REGRESSED
mechanism__neutrophil_tan_net__sentinel_neutrophil_net	1876	44	1	0.7194749409580772	COMPUTED_PATIENT_TIMEPOINT_EQUAL_WEIGHT		NOT_TESTABLE_SINGLE_PLATFORM	0.22007130108164663	0.2989738094358899	0.32636953285488457	global_cell_state_level_median_on_native_score	DIAGNOSTIC_NOT_AUTOMATICALLY_REGRESSED
mechanism__suppressive_myeloid__curated_myeloid_suppression	1876	44	1	0.6336181186196612	COMPUTED_PATIENT_TIMEPOINT_EQUAL_WEIGHT		NOT_TESTABLE_SINGLE_PLATFORM	0.3655688690569302	0.015293465356731347	-0.023700940214641017	global_cell_state_level_median_on_native_score	DIAGNOSTIC_NOT_AUTOMATICALLY_REGRESSED
mechanism__tls_b__reactome_bcr	1876	44	1	0.8095339760448907	COMPUTED_PATIENT_TIMEPOINT_EQUAL_WEIGHT		NOT_TESTABLE_SINGLE_PLATFORM	0.10152043594353982	0.42774322562514916	0.4421399541996275	global_cell_state_level_median_on_native_score	DIAGNOSTIC_NOT_AUTOMATICALLY_REGRESSED
mechanism__tls_b__sentinel_tls_b	1876	44	1	0.6095844791653023	COMPUTED_PATIENT_TIMEPOINT_EQUAL_WEIGHT		NOT_TESTABLE_SINGLE_PLATFORM	0.07606985283948137	0.3574477532195594	0.38499507166197683	global_cell_state_level_median_on_native_score	DIAGNOSTIC_NOT_AUTOMATICALLY_REGRESSED
mechanism__wnt_beta_catenin__hallmark_wnt_beta_catenin	1876	44	1	0.5220898002399428	COMPUTED_PATIENT_TIMEPOINT_EQUAL_WEIGHT		NOT_TESTABLE_SINGLE_PLATFORM	0.04003596240226893	0.5066138011660702	0.4898902860947809	global_cell_state_level_median_on_native_score	DIAGNOSTIC_NOT_AUTOMATICALLY_REGRESSED
mechanism__wnt_beta_catenin__reactome_wnt	1876	44	1	0.475731497224559	COMPUTED_PATIENT_TIMEPOINT_EQUAL_WEIGHT		NOT_TESTABLE_SINGLE_PLATFORM	0.08594978774770665	0.4491342726175403	0.46250344781217023	global_cell_state_level_median_on_native_score	DIAGNOSTIC_NOT_AUTOMATICALLY_REGRESSED
mechanism__wnt_beta_catenin__sentinel_tumor_wnt	1876	44	1	0.601752347080582	COMPUTED_PATIENT_TIMEPOINT_EQUAL_WEIGHT		NOT_TESTABLE_SINGLE_PLATFORM	0.06771318497639643	0.3985060682410725	0.38599252109567395	global_cell_state_level_median_on_native_score	DIAGNOSTIC_NOT_AUTOMATICALLY_REGRESSED
