feature_id	score_standardized	coverage	technical_status	patient_id	pair_id	modality	match_status	bridge_role	sc_timepoint	bulk_timepoint
FM01	-0.022058124262322242	0.972884450159531	valid	P05	P05	bulkRNA	exact_matched	paired	pre_treatment	pre_treatment
FM01	-2.340258962903719	0.9973615437634381	valid	P05	P05	scRNA	exact_matched	paired	pre_treatment	pre_treatment
FM02	-0.6719455207827703	0.9843036096482848	valid	P05	P05	bulkRNA	exact_matched	paired	pre_treatment	pre_treatment
FM02	-2.2832342875156773	0.9946930748951964	valid	P05	P05	scRNA	exact_matched	paired	pre_treatment	pre_treatment
FM03	-0.8030766404433936	0.9863008045234009	valid	P05	P05	bulkRNA	exact_matched	paired	pre_treatment	pre_treatment
FM03	-2.943518874651786	0.995549423805165	valid	P05	P05	scRNA	exact_matched	paired	pre_treatment	pre_treatment
FM04	1.0513195060994005	0.9832873864084688	valid	P05	P05	bulkRNA	exact_matched	paired	pre_treatment	pre_treatment
FM04	1.9023422891372943	0.9923088759068495	valid	P05	P05	scRNA	exact_matched	paired	pre_treatment	pre_treatment
FM05	-1.5755954312176395	0.9771386352241985	valid	P05	P05	bulkRNA	exact_matched	paired	pre_treatment	pre_treatment
FM05	-1.3831254842746423	0.9896554534128976	valid	P05	P05	scRNA	exact_matched	paired	pre_treatment	pre_treatment
FM06	0.38789614795442506	0.7902585387426505	valid	P05	P05	bulkRNA	exact_matched	paired	pre_treatment	pre_treatment
FM06	-0.6611849309618728	0.952140977117625	valid	P05	P05	scRNA	exact_matched	paired	pre_treatment	pre_treatment
FM07	-0.39354322934361713	0.9951794005217456	valid	P05	P05	bulkRNA	exact_matched	paired	pre_treatment	pre_treatment
FM07	-0.3017411227291197	0.872438483518863	valid	P05	P05	scRNA	exact_matched	paired	pre_treatment	pre_treatment
FM08	-1.1223179078971457	0.9658477087662072	valid	P05	P05	bulkRNA	exact_matched	paired	pre_treatment	pre_treatment
FM08	-1.1138005330347105	0.9646975968797881	valid	P05	P05	scRNA	exact_matched	paired	pre_treatment	pre_treatment
mechanism__angiogenesis_endothelial__curated_angiogenesis	0.6747776021847007	1.0	valid	P05	P05	bulkRNA	exact_matched	paired	pre_treatment	pre_treatment
mechanism__angiogenesis_endothelial__curated_angiogenesis	-0.523089932312542	1.0	valid	P05	P05	scRNA	exact_matched	paired	pre_treatment	pre_treatment
mechanism__angiogenesis_endothelial__hallmark_angiogenesis	0.5253458973240658	1.0	valid	P05	P05	bulkRNA	exact_matched	paired	pre_treatment	pre_treatment
mechanism__angiogenesis_endothelial__hallmark_angiogenesis	0.6744907594765953	0.9166666666666666	valid	P05	P05	scRNA	exact_matched	paired	pre_treatment	pre_treatment
mechanism__angiogenesis_endothelial__reactome_vegf	0.2541219322924506	0.9905660377358491	valid	P05	P05	bulkRNA	exact_matched	paired	pre_treatment	pre_treatment
mechanism__angiogenesis_endothelial__reactome_vegf	-0.6744907594765952	0.9716981132075472	valid	P05	P05	scRNA	exact_matched	paired	pre_treatment	pre_treatment
mechanism__apc_ifn_apm__curated_antigen_presentation	-0.9599377478586396	1.0	valid	P05	P05	bulkRNA	exact_matched	paired	pre_treatment	pre_treatment
mechanism__apc_ifn_apm__curated_antigen_presentation	-2.7452188224423435	1.0	valid	P05	P05	scRNA	exact_matched	paired	pre_treatment	pre_treatment
mechanism__apc_ifn_apm__curated_apc_dc_activation	-1.307137713455941	1.0	valid	P05	P05	bulkRNA	exact_matched	paired	pre_treatment	pre_treatment
mechanism__apc_ifn_apm__curated_apc_dc_activation	-2.6832849946214363	1.0	valid	P05	P05	scRNA	exact_matched	paired	pre_treatment	pre_treatment
mechanism__apc_ifn_apm__curated_ifn_response	-0.23716069700884088	1.0	valid	P05	P05	bulkRNA	exact_matched	paired	pre_treatment	pre_treatment
mechanism__apc_ifn_apm__curated_ifn_response	-0.8399316048338374	1.0	valid	P05	P05	scRNA	exact_matched	paired	pre_treatment	pre_treatment
mechanism__apc_ifn_apm__hallmark_ifn_alpha	0.679889438904559	0.979381443298969	valid	P05	P05	bulkRNA	exact_matched	paired	pre_treatment	pre_treatment
mechanism__apc_ifn_apm__hallmark_ifn_alpha	-0.23411389092357976	0.9896907216494846	valid	P05	P05	scRNA	exact_matched	paired	pre_treatment	pre_treatment
mechanism__apc_ifn_apm__hallmark_ifn_gamma	0.05980086472437134	0.98	valid	P05	P05	bulkRNA	exact_matched	paired	pre_treatment	pre_treatment
mechanism__apc_ifn_apm__hallmark_ifn_gamma	-0.6684034960321354	0.98	valid	P05	P05	scRNA	exact_matched	paired	pre_treatment	pre_treatment
mechanism__apc_ifn_apm__reactome_ifn_alpha_beta	0.23097915870504737	1.0	valid	P05	P05	bulkRNA	exact_matched	paired	pre_treatment	pre_treatment
mechanism__apc_ifn_apm__reactome_ifn_alpha_beta	-0.27715139871369765	0.8205128205128205	valid	P05	P05	scRNA	exact_matched	paired	pre_treatment	pre_treatment
mechanism__apc_ifn_apm__reactome_ifn_gamma	-0.10602296270096594	0.9693877551020408	valid	P05	P05	bulkRNA	exact_matched	paired	pre_treatment	pre_treatment
mechanism__apc_ifn_apm__reactome_ifn_gamma	-1.5711852091100749	0.9489795918367347	valid	P05	P05	scRNA	exact_matched	paired	pre_treatment	pre_treatment
mechanism__apc_ifn_apm__reactome_mhc_i	0.66419986399426	0.9785522788203753	valid	P05	P05	bulkRNA	exact_matched	paired	pre_treatment	pre_treatment
mechanism__apc_ifn_apm__reactome_mhc_i	-1.8517944737745322	0.9544235924932976	valid	P05	P05	scRNA	exact_matched	paired	pre_treatment	pre_treatment
mechanism__apc_ifn_apm__reactome_mhc_ii	-0.07340269083118223	0.9761904761904762	valid	P05	P05	bulkRNA	exact_matched	paired	pre_treatment	pre_treatment
mechanism__apc_ifn_apm__reactome_mhc_ii	-2.5042414341313175	0.9047619047619048	valid	P05	P05	scRNA	exact_matched	paired	pre_treatment	pre_treatment
mechanism__caf_ecm__curated_stromal_tgfb	0.4138968918491621	1.0	valid	P05	P05	bulkRNA	exact_matched	paired	pre_treatment	pre_treatment
mechanism__caf_ecm__curated_stromal_tgfb	0.0	1.0	valid	P05	P05	scRNA	exact_matched	paired	pre_treatment	pre_treatment
mechanism__caf_ecm__hallmark_emt	0.46043181853233567	0.985	valid	P05	P05	bulkRNA	exact_matched	paired	pre_treatment	pre_treatment
mechanism__caf_ecm__hallmark_emt	1.3085318924292864	0.96	valid	P05	P05	scRNA	exact_matched	paired	pre_treatment	pre_treatment
mechanism__caf_ecm__reactome_ecm	0.33802088687326665	0.9968847352024922	valid	P05	P05	bulkRNA	exact_matched	paired	pre_treatment	pre_treatment
mechanism__caf_ecm__reactome_ecm	0.9631818651904958	0.9158878504672897	valid	P05	P05	scRNA	exact_matched	paired	pre_treatment	pre_treatment
mechanism__cytotoxic_t_nk__curated_cytotoxicity	-1.2632282857613233	1.0	valid	P05	P05	bulkRNA	exact_matched	paired	pre_treatment	pre_treatment
mechanism__cytotoxic_t_nk__curated_cytotoxicity	-0.6744907594765952	1.0	valid	P05	P05	scRNA	exact_matched	paired	pre_treatment	pre_treatment
mechanism__cytotoxic_t_nk__curated_nk_cytotoxicity	-1.3391367861855012	1.0	valid	P05	P05	bulkRNA	exact_matched	paired	pre_treatment	pre_treatment
mechanism__cytotoxic_t_nk__curated_nk_cytotoxicity	-2.0121184805127372	1.0	valid	P05	P05	scRNA	exact_matched	paired	pre_treatment	pre_treatment
mechanism__cytotoxic_t_nk__hallmark_allograft_rejection	-1.0303806726953184	0.975	valid	P05	P05	bulkRNA	exact_matched	paired	pre_treatment	pre_treatment
mechanism__cytotoxic_t_nk__hallmark_allograft_rejection	-2.550541857878721	0.945	valid	P05	P05	scRNA	exact_matched	paired	pre_treatment	pre_treatment
mechanism__exhaustion__curated_broad_exhaustion	0.17278821604580766	1.0	valid	P05	P05	bulkRNA	exact_matched	paired	pre_treatment	pre_treatment
mechanism__exhaustion__curated_broad_exhaustion	0.33657907369553114	0.8888888888888888	valid	P05	P05	scRNA	exact_matched	paired	pre_treatment	pre_treatment
mechanism__exhaustion__sentinel_progenitor_exhaustion	-0.87407139742601	1.0	valid	P05	P05	bulkRNA	exact_matched	paired	pre_treatment	pre_treatment
mechanism__exhaustion__sentinel_progenitor_exhaustion	-0.6744907594765952	1.0	valid	P05	P05	scRNA	exact_matched	paired	pre_treatment	pre_treatment
mechanism__exhaustion__sentinel_terminal_exhaustion	-1.0214156473750304	1.0	valid	P05	P05	bulkRNA	exact_matched	paired	pre_treatment	pre_treatment
mechanism__exhaustion__sentinel_terminal_exhaustion	-0.9741357380934654	1.0	valid	P05	P05	scRNA	exact_matched	paired	pre_treatment	pre_treatment
mechanism__hypoxia__curated_hypoxia	0.7023356915087419	1.0	valid	P05	P05	bulkRNA	exact_matched	paired	pre_treatment	pre_treatment
mechanism__hypoxia__curated_hypoxia	1.7619299999364744	0.8571428571428571	valid	P05	P05	scRNA	exact_matched	paired	pre_treatment	pre_treatment
mechanism__hypoxia__hallmark_hypoxia	0.8016904956025269	0.955	valid	P05	P05	bulkRNA	exact_matched	paired	pre_treatment	pre_treatment
mechanism__hypoxia__hallmark_hypoxia	1.2313207309108087	0.935	valid	P05	P05	scRNA	exact_matched	paired	pre_treatment	pre_treatment
mechanism__neutrophil_tan_net__reactome_neutrophil_degranulation	-0.2955983530653993	0.9728033472803347	valid	P05	P05	bulkRNA	exact_matched	paired	pre_treatment	pre_treatment
mechanism__neutrophil_tan_net__reactome_neutrophil_degranulation	-1.2499243308788373	0.9309623430962343	valid	P05	P05	scRNA	exact_matched	paired	pre_treatment	pre_treatment
mechanism__neutrophil_tan_net__sentinel_neutrophil_net	-0.38235723677772526	1.0	valid	P05	P05	bulkRNA	exact_matched	paired	pre_treatment	pre_treatment
mechanism__neutrophil_tan_net__sentinel_neutrophil_net	-0.8966358445911332	1.0	valid	P05	P05	scRNA	exact_matched	paired	pre_treatment	pre_treatment
mechanism__suppressive_myeloid__curated_myeloid_suppression	-0.14967795904111786	1.0	valid	P05	P05	bulkRNA	exact_matched	paired	pre_treatment	pre_treatment
mechanism__suppressive_myeloid__curated_myeloid_suppression	-2.058906847854494	1.0	valid	P05	P05	scRNA	exact_matched	paired	pre_treatment	pre_treatment
mechanism__tls_b__reactome_bcr	0.252624428218884	0.9934640522875817	valid	P05	P05	bulkRNA	exact_matched	paired	pre_treatment	pre_treatment
mechanism__tls_b__reactome_bcr	0.23691361569614477	0.8169934640522876	valid	P05	P05	scRNA	exact_matched	paired	pre_treatment	pre_treatment
mechanism__tls_b__sentinel_tls_b	-0.023618283551796116	1.0	valid	P05	P05	bulkRNA	exact_matched	paired	pre_treatment	pre_treatment
mechanism__tls_b__sentinel_tls_b	-1.2859740722328734	1.0	valid	P05	P05	scRNA	exact_matched	paired	pre_treatment	pre_treatment
mechanism__wnt_beta_catenin__hallmark_wnt_beta_catenin	0.21929402418903052	1.0	valid	P05	P05	bulkRNA	exact_matched	paired	pre_treatment	pre_treatment
mechanism__wnt_beta_catenin__hallmark_wnt_beta_catenin	-0.3617157034881853	0.9523809523809523	valid	P05	P05	scRNA	exact_matched	paired	pre_treatment	pre_treatment
mechanism__wnt_beta_catenin__reactome_wnt	0.5138587315622696	0.804416403785489	valid	P05	P05	bulkRNA	exact_matched	paired	pre_treatment	pre_treatment
mechanism__wnt_beta_catenin__reactome_wnt	0.4716024375100244	0.7539432176656151	valid	P05	P05	scRNA	exact_matched	paired	pre_treatment	pre_treatment
mechanism__wnt_beta_catenin__sentinel_tumor_wnt	0.36005090239907966	1.0	valid	P05	P05	bulkRNA	exact_matched	paired	pre_treatment	pre_treatment
mechanism__wnt_beta_catenin__sentinel_tumor_wnt	-0.11461289254847835	1.0	valid	P05	P05	scRNA	exact_matched	paired	pre_treatment	pre_treatment
FM01	0.444489833539842	0.972884450159531	valid	P07	P07	bulkRNA	timepoint_mismatch	support_only	post_treatment	pre_treatment
FM01	-1.9503405637069526	0.9973615437634381	valid	P07	P07	scRNA	timepoint_mismatch	support_only	post_treatment	pre_treatment
FM02	-0.7931953374994061	0.9843036096482848	valid	P07	P07	bulkRNA	timepoint_mismatch	support_only	post_treatment	pre_treatment
FM02	-2.2488193484442203	0.9946930748951964	valid	P07	P07	scRNA	timepoint_mismatch	support_only	post_treatment	pre_treatment
FM03	0.7792086555603394	0.9863008045234009	valid	P07	P07	bulkRNA	timepoint_mismatch	support_only	post_treatment	pre_treatment
FM03	-2.933826295010336	0.995549423805165	valid	P07	P07	scRNA	timepoint_mismatch	support_only	post_treatment	pre_treatment
FM04	-2.8730578004436884	0.9832873864084688	valid	P07	P07	bulkRNA	timepoint_mismatch	support_only	post_treatment	pre_treatment
FM04	0.5888221574840117	0.9923088759068495	valid	P07	P07	scRNA	timepoint_mismatch	support_only	post_treatment	pre_treatment
FM05	0.910599691154878	0.9771386352241985	valid	P07	P07	bulkRNA	timepoint_mismatch	support_only	post_treatment	pre_treatment
FM05	-2.5736213044173404	0.9896554534128976	valid	P07	P07	scRNA	timepoint_mismatch	support_only	post_treatment	pre_treatment
FM06	-0.941111618618505	0.7902585387426505	valid	P07	P07	bulkRNA	timepoint_mismatch	support_only	post_treatment	pre_treatment
FM06	-3.3999076393157788	0.952140977117625	valid	P07	P07	scRNA	timepoint_mismatch	support_only	post_treatment	pre_treatment
FM07	-1.602492253268054	0.9951794005217456	valid	P07	P07	bulkRNA	timepoint_mismatch	support_only	post_treatment	pre_treatment
FM07	-0.6115531811462136	0.872438483518863	valid	P07	P07	scRNA	timepoint_mismatch	support_only	post_treatment	pre_treatment
FM08	1.3497851738671216	0.9658477087662072	valid	P07	P07	bulkRNA	timepoint_mismatch	support_only	post_treatment	pre_treatment
FM08	-2.3409280051913997	0.9646975968797881	valid	P07	P07	scRNA	timepoint_mismatch	support_only	post_treatment	pre_treatment
mechanism__angiogenesis_endothelial__curated_angiogenesis	-2.1615431703028216	1.0	valid	P07	P07	bulkRNA	timepoint_mismatch	support_only	post_treatment	pre_treatment
mechanism__angiogenesis_endothelial__curated_angiogenesis	0.6744907594765952	1.0	valid	P07	P07	scRNA	timepoint_mismatch	support_only	post_treatment	pre_treatment
mechanism__angiogenesis_endothelial__hallmark_angiogenesis	-2.5270007398129057	1.0	valid	P07	P07	bulkRNA	timepoint_mismatch	support_only	post_treatment	pre_treatment
mechanism__angiogenesis_endothelial__hallmark_angiogenesis	1.3923076444943656	0.9166666666666666	valid	P07	P07	scRNA	timepoint_mismatch	support_only	post_treatment	pre_treatment
mechanism__angiogenesis_endothelial__reactome_vegf	-0.6472597042986008	0.9905660377358491	valid	P07	P07	bulkRNA	timepoint_mismatch	support_only	post_treatment	pre_treatment
mechanism__angiogenesis_endothelial__reactome_vegf	0.0	0.9716981132075472	valid	P07	P07	scRNA	timepoint_mismatch	support_only	post_treatment	pre_treatment
mechanism__apc_ifn_apm__curated_antigen_presentation	0.6828567085470477	1.0	valid	P07	P07	bulkRNA	timepoint_mismatch	support_only	post_treatment	pre_treatment
mechanism__apc_ifn_apm__curated_antigen_presentation	-2.2113516047550594	1.0	valid	P07	P07	scRNA	timepoint_mismatch	support_only	post_treatment	pre_treatment
mechanism__apc_ifn_apm__curated_apc_dc_activation	1.4046135212135735	1.0	valid	P07	P07	bulkRNA	timepoint_mismatch	support_only	post_treatment	pre_treatment
mechanism__apc_ifn_apm__curated_apc_dc_activation	-1.7142606466267487	1.0	valid	P07	P07	scRNA	timepoint_mismatch	support_only	post_treatment	pre_treatment
mechanism__apc_ifn_apm__curated_ifn_response	1.010467548336209	1.0	valid	P07	P07	bulkRNA	timepoint_mismatch	support_only	post_treatment	pre_treatment
mechanism__apc_ifn_apm__curated_ifn_response	-0.6744907594765952	1.0	valid	P07	P07	scRNA	timepoint_mismatch	support_only	post_treatment	pre_treatment
mechanism__apc_ifn_apm__hallmark_ifn_alpha	-0.1369065224461417	0.979381443298969	valid	P07	P07	bulkRNA	timepoint_mismatch	support_only	post_treatment	pre_treatment
mechanism__apc_ifn_apm__hallmark_ifn_alpha	-1.0193804477961101	0.9896907216494846	valid	P07	P07	scRNA	timepoint_mismatch	support_only	post_treatment	pre_treatment
mechanism__apc_ifn_apm__hallmark_ifn_gamma	-0.16081865923176566	0.98	valid	P07	P07	bulkRNA	timepoint_mismatch	support_only	post_treatment	pre_treatment
mechanism__apc_ifn_apm__hallmark_ifn_gamma	-1.6649581079754374	0.98	valid	P07	P07	scRNA	timepoint_mismatch	support_only	post_treatment	pre_treatment
mechanism__apc_ifn_apm__reactome_ifn_alpha_beta	0.013433047636269452	1.0	valid	P07	P07	bulkRNA	timepoint_mismatch	support_only	post_treatment	pre_treatment
mechanism__apc_ifn_apm__reactome_ifn_alpha_beta	-0.6471427181801215	0.8205128205128205	valid	P07	P07	scRNA	timepoint_mismatch	support_only	post_treatment	pre_treatment
mechanism__apc_ifn_apm__reactome_ifn_gamma	0.0005033313919865636	0.9693877551020408	valid	P07	P07	bulkRNA	timepoint_mismatch	support_only	post_treatment	pre_treatment
mechanism__apc_ifn_apm__reactome_ifn_gamma	-1.7549050239092165	0.9489795918367347	valid	P07	P07	scRNA	timepoint_mismatch	support_only	post_treatment	pre_treatment
mechanism__apc_ifn_apm__reactome_mhc_i	-0.009182580872140316	0.9785522788203753	valid	P07	P07	bulkRNA	timepoint_mismatch	support_only	post_treatment	pre_treatment
mechanism__apc_ifn_apm__reactome_mhc_i	-1.921843045691307	0.9544235924932976	valid	P07	P07	scRNA	timepoint_mismatch	support_only	post_treatment	pre_treatment
mechanism__apc_ifn_apm__reactome_mhc_ii	-1.6154530337198314	0.9761904761904762	valid	P07	P07	bulkRNA	timepoint_mismatch	support_only	post_treatment	pre_treatment
mechanism__apc_ifn_apm__reactome_mhc_ii	-1.2794002419027952	0.9047619047619048	valid	P07	P07	scRNA	timepoint_mismatch	support_only	post_treatment	pre_treatment
mechanism__caf_ecm__curated_stromal_tgfb	-2.12410402709472	1.0	valid	P07	P07	bulkRNA	timepoint_mismatch	support_only	post_treatment	pre_treatment
mechanism__caf_ecm__curated_stromal_tgfb	0.9615781766573398	1.0	valid	P07	P07	scRNA	timepoint_mismatch	support_only	post_treatment	pre_treatment
mechanism__caf_ecm__hallmark_emt	-1.6912607629266412	0.985	valid	P07	P07	bulkRNA	timepoint_mismatch	support_only	post_treatment	pre_treatment
mechanism__caf_ecm__hallmark_emt	1.9353346651774102	0.96	valid	P07	P07	scRNA	timepoint_mismatch	support_only	post_treatment	pre_treatment
mechanism__caf_ecm__reactome_ecm	-1.6533242236620143	0.9968847352024922	valid	P07	P07	bulkRNA	timepoint_mismatch	support_only	post_treatment	pre_treatment
mechanism__caf_ecm__reactome_ecm	1.5368617704612988	0.9158878504672897	valid	P07	P07	scRNA	timepoint_mismatch	support_only	post_treatment	pre_treatment
mechanism__cytotoxic_t_nk__curated_cytotoxicity	0.6055741298301711	1.0	valid	P07	P07	bulkRNA	timepoint_mismatch	support_only	post_treatment	pre_treatment
mechanism__cytotoxic_t_nk__curated_cytotoxicity	-1.8057351847998833	1.0	valid	P07	P07	scRNA	timepoint_mismatch	support_only	post_treatment	pre_treatment
mechanism__cytotoxic_t_nk__curated_nk_cytotoxicity	1.1044968935957193	1.0	valid	P07	P07	bulkRNA	timepoint_mismatch	support_only	post_treatment	pre_treatment
mechanism__cytotoxic_t_nk__curated_nk_cytotoxicity	-2.5037178017681385	1.0	valid	P07	P07	scRNA	timepoint_mismatch	support_only	post_treatment	pre_treatment
mechanism__cytotoxic_t_nk__hallmark_allograft_rejection	1.632191124304567	0.975	valid	P07	P07	bulkRNA	timepoint_mismatch	support_only	post_treatment	pre_treatment
mechanism__cytotoxic_t_nk__hallmark_allograft_rejection	-4.383127886975869	0.945	valid	P07	P07	scRNA	timepoint_mismatch	support_only	post_treatment	pre_treatment
mechanism__exhaustion__curated_broad_exhaustion	0.116988460760611	1.0	valid	P07	P07	bulkRNA	timepoint_mismatch	support_only	post_treatment	pre_treatment
mechanism__exhaustion__curated_broad_exhaustion	-0.037912021439450716	0.8888888888888888	valid	P07	P07	scRNA	timepoint_mismatch	support_only	post_treatment	pre_treatment
mechanism__exhaustion__sentinel_progenitor_exhaustion	3.8071143695167424	1.0	valid	P07	P07	bulkRNA	timepoint_mismatch	support_only	post_treatment	pre_treatment
mechanism__exhaustion__sentinel_progenitor_exhaustion	-1.5193877877653033	1.0	valid	P07	P07	scRNA	timepoint_mismatch	support_only	post_treatment	pre_treatment
mechanism__exhaustion__sentinel_terminal_exhaustion	0.3311879528491069	1.0	valid	P07	P07	bulkRNA	timepoint_mismatch	support_only	post_treatment	pre_treatment
mechanism__exhaustion__sentinel_terminal_exhaustion	-1.6081073909265193	1.0	valid	P07	P07	scRNA	timepoint_mismatch	support_only	post_treatment	pre_treatment
mechanism__hypoxia__curated_hypoxia	-1.3951173292935979	1.0	valid	P07	P07	bulkRNA	timepoint_mismatch	support_only	post_treatment	pre_treatment
mechanism__hypoxia__curated_hypoxia	1.078477619299983	0.8571428571428571	valid	P07	P07	scRNA	timepoint_mismatch	support_only	post_treatment	pre_treatment
mechanism__hypoxia__hallmark_hypoxia	-1.2808352427029943	0.955	valid	P07	P07	bulkRNA	timepoint_mismatch	support_only	post_treatment	pre_treatment
mechanism__hypoxia__hallmark_hypoxia	0.637025920688751	0.935	valid	P07	P07	scRNA	timepoint_mismatch	support_only	post_treatment	pre_treatment
mechanism__neutrophil_tan_net__reactome_neutrophil_degranulation	-0.30591760028835985	0.9728033472803347	valid	P07	P07	bulkRNA	timepoint_mismatch	support_only	post_treatment	pre_treatment
mechanism__neutrophil_tan_net__reactome_neutrophil_degranulation	-2.0714040779372977	0.9309623430962343	valid	P07	P07	scRNA	timepoint_mismatch	support_only	post_treatment	pre_treatment
mechanism__neutrophil_tan_net__sentinel_neutrophil_net	2.149007416575525	1.0	valid	P07	P07	bulkRNA	timepoint_mismatch	support_only	post_treatment	pre_treatment
mechanism__neutrophil_tan_net__sentinel_neutrophil_net	-1.8718569599632848	1.0	valid	P07	P07	scRNA	timepoint_mismatch	support_only	post_treatment	pre_treatment
mechanism__suppressive_myeloid__curated_myeloid_suppression	-1.5867897782107763	1.0	valid	P07	P07	bulkRNA	timepoint_mismatch	support_only	post_treatment	pre_treatment
mechanism__suppressive_myeloid__curated_myeloid_suppression	0.5663116480100695	1.0	valid	P07	P07	scRNA	timepoint_mismatch	support_only	post_treatment	pre_treatment
mechanism__tls_b__reactome_bcr	-0.08623847657967872	0.9934640522875817	valid	P07	P07	bulkRNA	timepoint_mismatch	support_only	post_treatment	pre_treatment
mechanism__tls_b__reactome_bcr	-2.0304572666351537	0.8169934640522876	valid	P07	P07	scRNA	timepoint_mismatch	support_only	post_treatment	pre_treatment
mechanism__tls_b__sentinel_tls_b	1.9032601733736236	1.0	valid	P07	P07	bulkRNA	timepoint_mismatch	support_only	post_treatment	pre_treatment
mechanism__tls_b__sentinel_tls_b	-2.6258234082260836	1.0	valid	P07	P07	scRNA	timepoint_mismatch	support_only	post_treatment	pre_treatment
mechanism__wnt_beta_catenin__hallmark_wnt_beta_catenin	-0.12613121365599675	1.0	valid	P07	P07	bulkRNA	timepoint_mismatch	support_only	post_treatment	pre_treatment
mechanism__wnt_beta_catenin__hallmark_wnt_beta_catenin	0.6110900018788382	0.9523809523809523	valid	P07	P07	scRNA	timepoint_mismatch	support_only	post_treatment	pre_treatment
mechanism__wnt_beta_catenin__reactome_wnt	-0.08539088949496923	0.804416403785489	valid	P07	P07	bulkRNA	timepoint_mismatch	support_only	post_treatment	pre_treatment
mechanism__wnt_beta_catenin__reactome_wnt	1.1404967474983274	0.7539432176656151	valid	P07	P07	scRNA	timepoint_mismatch	support_only	post_treatment	pre_treatment
mechanism__wnt_beta_catenin__sentinel_tumor_wnt	-0.06252347493057119	1.0	valid	P07	P07	bulkRNA	timepoint_mismatch	support_only	post_treatment	pre_treatment
mechanism__wnt_beta_catenin__sentinel_tumor_wnt	2.5027009795282167	1.0	valid	P07	P07	scRNA	timepoint_mismatch	support_only	post_treatment	pre_treatment
FM01	-0.03372617645958374	0.972884450159531	valid	P08	P08	bulkRNA	exact_matched	paired	pre_treatment	pre_treatment
FM01	2.1370407596839534	0.9973615437634381	valid	P08	P08	scRNA	exact_matched	paired	pre_treatment	pre_treatment
FM02	0.45535642033543744	0.9843036096482848	valid	P08	P08	bulkRNA	exact_matched	paired	pre_treatment	pre_treatment
FM02	-1.1265524431177876	0.9946930748951964	valid	P08	P08	scRNA	exact_matched	paired	pre_treatment	pre_treatment
FM03	0.680807289947253	0.9863008045234009	valid	P08	P08	bulkRNA	exact_matched	paired	pre_treatment	pre_treatment
FM03	-1.2883433289998047	0.995549423805165	valid	P08	P08	scRNA	exact_matched	paired	pre_treatment	pre_treatment
FM04	1.1344826149606317	0.9832873864084688	valid	P08	P08	bulkRNA	exact_matched	paired	pre_treatment	pre_treatment
FM04	0.4946341963860512	0.9923088759068495	valid	P08	P08	scRNA	exact_matched	paired	pre_treatment	pre_treatment
FM05	-1.1944659503311044	0.9771386352241985	valid	P08	P08	bulkRNA	exact_matched	paired	pre_treatment	pre_treatment
FM05	-0.6744907594765952	0.9896554534128976	valid	P08	P08	scRNA	exact_matched	paired	pre_treatment	pre_treatment
FM06	0.4224700260078242	0.7902585387426505	valid	P08	P08	bulkRNA	exact_matched	paired	pre_treatment	pre_treatment
FM06	2.5274077466169063	0.952140977117625	valid	P08	P08	scRNA	exact_matched	paired	pre_treatment	pre_treatment
FM07	1.536082322687985	0.9951794005217456	valid	P08	P08	bulkRNA	exact_matched	paired	pre_treatment	pre_treatment
FM07	-0.6438499585815346	0.872438483518863	valid	P08	P08	scRNA	exact_matched	paired	pre_treatment	pre_treatment
FM08	-0.4587062380008953	0.9658477087662072	valid	P08	P08	bulkRNA	exact_matched	paired	pre_treatment	pre_treatment
FM08	-0.7018635545577255	0.9646975968797881	valid	P08	P08	scRNA	exact_matched	paired	pre_treatment	pre_treatment
mechanism__angiogenesis_endothelial__curated_angiogenesis	0.8057348887965069	1.0	valid	P08	P08	bulkRNA	exact_matched	paired	pre_treatment	pre_treatment
mechanism__angiogenesis_endothelial__curated_angiogenesis	3.6939977672310773	1.0	valid	P08	P08	scRNA	exact_matched	paired	pre_treatment	pre_treatment
mechanism__angiogenesis_endothelial__hallmark_angiogenesis	1.0788199333108892	1.0	valid	P08	P08	bulkRNA	exact_matched	paired	pre_treatment	pre_treatment
mechanism__angiogenesis_endothelial__hallmark_angiogenesis	3.4537771763984306	0.9166666666666666	valid	P08	P08	scRNA	exact_matched	paired	pre_treatment	pre_treatment
mechanism__angiogenesis_endothelial__reactome_vegf	1.1737267836669523	0.9905660377358491	valid	P08	P08	bulkRNA	exact_matched	paired	pre_treatment	pre_treatment
mechanism__angiogenesis_endothelial__reactome_vegf	1.366924201068402	0.9716981132075472	valid	P08	P08	scRNA	exact_matched	paired	pre_treatment	pre_treatment
mechanism__apc_ifn_apm__curated_antigen_presentation	0.6484262117320105	1.0	valid	P08	P08	bulkRNA	exact_matched	paired	pre_treatment	pre_treatment
mechanism__apc_ifn_apm__curated_antigen_presentation	-1.2102389793964594	1.0	valid	P08	P08	scRNA	exact_matched	paired	pre_treatment	pre_treatment
mechanism__apc_ifn_apm__curated_apc_dc_activation	1.6303681764179256	1.0	valid	P08	P08	bulkRNA	exact_matched	paired	pre_treatment	pre_treatment
mechanism__apc_ifn_apm__curated_apc_dc_activation	0.8800610539474781	1.0	valid	P08	P08	scRNA	exact_matched	paired	pre_treatment	pre_treatment
mechanism__apc_ifn_apm__curated_ifn_response	0.006270404950659227	1.0	valid	P08	P08	bulkRNA	exact_matched	paired	pre_treatment	pre_treatment
mechanism__apc_ifn_apm__curated_ifn_response	0.09852165385454267	1.0	valid	P08	P08	scRNA	exact_matched	paired	pre_treatment	pre_treatment
mechanism__apc_ifn_apm__hallmark_ifn_alpha	1.8013878289645833	0.979381443298969	valid	P08	P08	bulkRNA	exact_matched	paired	pre_treatment	pre_treatment
mechanism__apc_ifn_apm__hallmark_ifn_alpha	0.8898931044912792	0.9896907216494846	valid	P08	P08	scRNA	exact_matched	paired	pre_treatment	pre_treatment
mechanism__apc_ifn_apm__hallmark_ifn_gamma	1.3316127567214766	0.98	valid	P08	P08	bulkRNA	exact_matched	paired	pre_treatment	pre_treatment
mechanism__apc_ifn_apm__hallmark_ifn_gamma	1.0636561967951361	0.98	valid	P08	P08	scRNA	exact_matched	paired	pre_treatment	pre_treatment
mechanism__apc_ifn_apm__reactome_ifn_alpha_beta	1.238214129408736	1.0	valid	P08	P08	bulkRNA	exact_matched	paired	pre_treatment	pre_treatment
mechanism__apc_ifn_apm__reactome_ifn_alpha_beta	1.2360483317419342	0.8205128205128205	valid	P08	P08	scRNA	exact_matched	paired	pre_treatment	pre_treatment
mechanism__apc_ifn_apm__reactome_ifn_gamma	1.2614655261704755	0.9693877551020408	valid	P08	P08	bulkRNA	exact_matched	paired	pre_treatment	pre_treatment
mechanism__apc_ifn_apm__reactome_ifn_gamma	-0.26323693366968204	0.9489795918367347	valid	P08	P08	scRNA	exact_matched	paired	pre_treatment	pre_treatment
mechanism__apc_ifn_apm__reactome_mhc_i	1.6347372903247168	0.9785522788203753	valid	P08	P08	bulkRNA	exact_matched	paired	pre_treatment	pre_treatment
mechanism__apc_ifn_apm__reactome_mhc_i	0.26105805426557493	0.9544235924932976	valid	P08	P08	scRNA	exact_matched	paired	pre_treatment	pre_treatment
mechanism__apc_ifn_apm__reactome_mhc_ii	1.415779504864887	0.9761904761904762	valid	P08	P08	bulkRNA	exact_matched	paired	pre_treatment	pre_treatment
mechanism__apc_ifn_apm__reactome_mhc_ii	-0.30998980565445117	0.9047619047619048	valid	P08	P08	scRNA	exact_matched	paired	pre_treatment	pre_treatment
mechanism__caf_ecm__curated_stromal_tgfb	0.6143028457407046	1.0	valid	P08	P08	bulkRNA	exact_matched	paired	pre_treatment	pre_treatment
mechanism__caf_ecm__curated_stromal_tgfb	3.062846193136946	1.0	valid	P08	P08	scRNA	exact_matched	paired	pre_treatment	pre_treatment
mechanism__caf_ecm__hallmark_emt	0.8882232104508161	0.985	valid	P08	P08	bulkRNA	exact_matched	paired	pre_treatment	pre_treatment
mechanism__caf_ecm__hallmark_emt	4.81287127705567	0.96	valid	P08	P08	scRNA	exact_matched	paired	pre_treatment	pre_treatment
mechanism__caf_ecm__reactome_ecm	0.9845526379691031	0.9968847352024922	valid	P08	P08	bulkRNA	exact_matched	paired	pre_treatment	pre_treatment
mechanism__caf_ecm__reactome_ecm	4.424251466942402	0.9158878504672897	valid	P08	P08	scRNA	exact_matched	paired	pre_treatment	pre_treatment
mechanism__cytotoxic_t_nk__curated_cytotoxicity	-1.3852338441684702	1.0	valid	P08	P08	bulkRNA	exact_matched	paired	pre_treatment	pre_treatment
mechanism__cytotoxic_t_nk__curated_cytotoxicity	-0.2761857479036622	1.0	valid	P08	P08	scRNA	exact_matched	paired	pre_treatment	pre_treatment
mechanism__cytotoxic_t_nk__curated_nk_cytotoxicity	-0.811458978410796	1.0	valid	P08	P08	bulkRNA	exact_matched	paired	pre_treatment	pre_treatment
mechanism__cytotoxic_t_nk__curated_nk_cytotoxicity	-0.6398105520056513	1.0	valid	P08	P08	scRNA	exact_matched	paired	pre_treatment	pre_treatment
mechanism__cytotoxic_t_nk__hallmark_allograft_rejection	0.4939130294405392	0.975	valid	P08	P08	bulkRNA	exact_matched	paired	pre_treatment	pre_treatment
mechanism__cytotoxic_t_nk__hallmark_allograft_rejection	0.3169211848354983	0.945	valid	P08	P08	scRNA	exact_matched	paired	pre_treatment	pre_treatment
mechanism__exhaustion__curated_broad_exhaustion	2.0574209405433117	1.0	valid	P08	P08	bulkRNA	exact_matched	paired	pre_treatment	pre_treatment
mechanism__exhaustion__curated_broad_exhaustion	1.4215000681401575	0.8888888888888888	valid	P08	P08	scRNA	exact_matched	paired	pre_treatment	pre_treatment
mechanism__exhaustion__sentinel_progenitor_exhaustion	-0.2817737388686056	1.0	valid	P08	P08	bulkRNA	exact_matched	paired	pre_treatment	pre_treatment
mechanism__exhaustion__sentinel_progenitor_exhaustion	0.9311641901594737	1.0	valid	P08	P08	scRNA	exact_matched	paired	pre_treatment	pre_treatment
mechanism__exhaustion__sentinel_terminal_exhaustion	0.3619264779226499	1.0	valid	P08	P08	bulkRNA	exact_matched	paired	pre_treatment	pre_treatment
mechanism__exhaustion__sentinel_terminal_exhaustion	-0.10812996790917108	1.0	valid	P08	P08	scRNA	exact_matched	paired	pre_treatment	pre_treatment
mechanism__hypoxia__curated_hypoxia	0.21310565910969323	1.0	valid	P08	P08	bulkRNA	exact_matched	paired	pre_treatment	pre_treatment
mechanism__hypoxia__curated_hypoxia	-0.17417875081672382	0.8571428571428571	valid	P08	P08	scRNA	exact_matched	paired	pre_treatment	pre_treatment
mechanism__hypoxia__hallmark_hypoxia	0.6737869954847734	0.955	valid	P08	P08	bulkRNA	exact_matched	paired	pre_treatment	pre_treatment
mechanism__hypoxia__hallmark_hypoxia	0.6181266464485767	0.935	valid	P08	P08	scRNA	exact_matched	paired	pre_treatment	pre_treatment
mechanism__neutrophil_tan_net__reactome_neutrophil_degranulation	1.2393076572558186	0.9728033472803347	valid	P08	P08	bulkRNA	exact_matched	paired	pre_treatment	pre_treatment
mechanism__neutrophil_tan_net__reactome_neutrophil_degranulation	-0.6744907594765952	0.9309623430962343	valid	P08	P08	scRNA	exact_matched	paired	pre_treatment	pre_treatment
mechanism__neutrophil_tan_net__sentinel_neutrophil_net	0.029048282614035425	1.0	valid	P08	P08	bulkRNA	exact_matched	paired	pre_treatment	pre_treatment
mechanism__neutrophil_tan_net__sentinel_neutrophil_net	-0.5398223678389081	1.0	valid	P08	P08	scRNA	exact_matched	paired	pre_treatment	pre_treatment
mechanism__suppressive_myeloid__curated_myeloid_suppression	0.3215863112755241	1.0	valid	P08	P08	bulkRNA	exact_matched	paired	pre_treatment	pre_treatment
mechanism__suppressive_myeloid__curated_myeloid_suppression	-0.7317405742552129	1.0	valid	P08	P08	scRNA	exact_matched	paired	pre_treatment	pre_treatment
mechanism__tls_b__reactome_bcr	0.42554508863143764	0.9934640522875817	valid	P08	P08	bulkRNA	exact_matched	paired	pre_treatment	pre_treatment
mechanism__tls_b__reactome_bcr	1.6167157062515851	0.8169934640522876	valid	P08	P08	scRNA	exact_matched	paired	pre_treatment	pre_treatment
mechanism__tls_b__sentinel_tls_b	-0.5877807282227464	1.0	valid	P08	P08	bulkRNA	exact_matched	paired	pre_treatment	pre_treatment
mechanism__tls_b__sentinel_tls_b	-0.6744907594765952	1.0	valid	P08	P08	scRNA	exact_matched	paired	pre_treatment	pre_treatment
mechanism__wnt_beta_catenin__hallmark_wnt_beta_catenin	0.7335471527807398	1.0	valid	P08	P08	bulkRNA	exact_matched	paired	pre_treatment	pre_treatment
mechanism__wnt_beta_catenin__hallmark_wnt_beta_catenin	1.576021625422088	0.9523809523809523	valid	P08	P08	scRNA	exact_matched	paired	pre_treatment	pre_treatment
mechanism__wnt_beta_catenin__reactome_wnt	0.9245488908084598	0.804416403785489	valid	P08	P08	bulkRNA	exact_matched	paired	pre_treatment	pre_treatment
mechanism__wnt_beta_catenin__reactome_wnt	0.9312256017598272	0.7539432176656151	valid	P08	P08	scRNA	exact_matched	paired	pre_treatment	pre_treatment
mechanism__wnt_beta_catenin__sentinel_tumor_wnt	0.7546874279552211	1.0	valid	P08	P08	bulkRNA	exact_matched	paired	pre_treatment	pre_treatment
mechanism__wnt_beta_catenin__sentinel_tumor_wnt	2.3727300833004827	1.0	valid	P08	P08	scRNA	exact_matched	paired	pre_treatment	pre_treatment
