feature_id	n_profile_genes	observed_coherence_median	observed_coherence_stability_low	observed_coherence_stability_high	observed_coherence_ci_low	observed_coherence_ci_high	matched_null_median	matched_null_permutation_low	matched_null_permutation_high	matched_null_ci_low	matched_null_ci_high	empirical_null_exceedance	null_matching_method	interval_semantics	diagnostic_status
FM01	40	0.9277105969128623	0.857965269700813	0.9753848694015677	0.857965269700813	0.9753848694015677	0.8453974938192956	0.6687773382934827	0.9175155029018628	0.6687773382934827	0.9175155029018628	0.02	exact_observation_mask_nearest_expression_detection	algorithmic_stability_and_permutation_envelopes_not_biological_confidence_intervals	PASS_COMPUTED
FM02	40	0.9156517940115843	0.790585040941688	0.9716166779663	0.790585040941688	0.9716166779663	0.7719282044688103	0.6519219360947299	0.8583353740860448	0.6519219360947299	0.8583353740860448	0.0	exact_observation_mask_nearest_expression_detection	algorithmic_stability_and_permutation_envelopes_not_biological_confidence_intervals	PASS_COMPUTED
FM03	40	0.8755052689410101	0.5222574329181693	0.9416512709164978	0.5222574329181693	0.9416512709164978	0.7978687528127321	0.6853408958076413	0.8738942748850067	0.6853408958076413	0.8738942748850067	0.03	exact_observation_mask_nearest_expression_detection	algorithmic_stability_and_permutation_envelopes_not_biological_confidence_intervals	PASS_COMPUTED
FM04	40	0.9049488009725479	0.7863686242306996	0.9422314608087811	0.7863686242306996	0.9422314608087811	0.7628671163141376	0.4150150134134439	0.8916293096898251	0.4150150134134439	0.8916293096898251	0.01	exact_observation_mask_nearest_expression_detection	algorithmic_stability_and_permutation_envelopes_not_biological_confidence_intervals	PASS_COMPUTED
FM05	40	0.9700237292296183	0.9348753996271122	0.9840859497828719	0.9348753996271122	0.9840859497828719	0.846727002811271	0.7660058548659534	0.9220852425816934	0.7660058548659534	0.9220852425816934	0.0	exact_observation_mask_nearest_expression_detection	algorithmic_stability_and_permutation_envelopes_not_biological_confidence_intervals	PASS_COMPUTED
FM06	40												exact_observation_mask_nearest_expression_detection	algorithmic_stability_and_permutation_envelopes_not_biological_confidence_intervals	NOT_TESTABLE_INSUFFICIENT_EXACT_MASK_NULLS
FM07	40	0.8171543042835352	0.6159545024167579	0.9418120569033941	0.6159545024167579	0.9418120569033941	0.5063531213288368	0.26610302927579094	0.6307149307118185	0.26610302927579094	0.6307149307118185	0.0	exact_observation_mask_nearest_expression_detection	algorithmic_stability_and_permutation_envelopes_not_biological_confidence_intervals	PASS_COMPUTED
FM08	40	0.9736341081374894	0.9535191441112353	0.9870728957842628	0.9535191441112353	0.9870728957842628	0.8673546292453989	0.669072762818752	0.9390692048954687	0.669072762818752	0.9390692048954687	0.0	exact_observation_mask_nearest_expression_detection	algorithmic_stability_and_permutation_envelopes_not_biological_confidence_intervals	PASS_COMPUTED
mechanism__angiogenesis_endothelial__curated_angiogenesis	7	0.6280408189506538	0.5379499751456934	0.7792483576567677	0.5379499751456934	0.7792483576567677	0.61762981069436	0.35007012947535054	0.7412216462006932	0.35007012947535054	0.7412216462006932	0.49	exact_observation_mask_nearest_expression_detection	algorithmic_stability_and_permutation_envelopes_not_biological_confidence_intervals	PASS_COMPUTED
mechanism__angiogenesis_endothelial__hallmark_angiogenesis	36	0.893459265796595	0.7816623976457799	0.9417805323880607	0.7816623976457799	0.9417805323880607	0.8034220354535733	0.5730106898426041	0.9080935302781464	0.5730106898426041	0.9080935302781464	0.05	exact_observation_mask_nearest_expression_detection	algorithmic_stability_and_permutation_envelopes_not_biological_confidence_intervals	PASS_COMPUTED
mechanism__angiogenesis_endothelial__reactome_vegf	106	0.9433384279093148	0.840531504059101	0.9759659286837292	0.840531504059101	0.9759659286837292	0.9457624914522174	0.8740016262704783	0.9708455583674759	0.8740016262704783	0.9708455583674759	0.55	exact_observation_mask_nearest_expression_detection	algorithmic_stability_and_permutation_envelopes_not_biological_confidence_intervals	PASS_COMPUTED
mechanism__apc_ifn_apm__curated_antigen_presentation	9	0.9571551517560215	0.8818401769171874	0.9785713440329171	0.8818401769171874	0.9785713440329171	0.7116658971226849	0.45949194024442286	0.8310715559010388	0.45949194024442286	0.8310715559010388	0.0	exact_observation_mask_nearest_expression_detection	algorithmic_stability_and_permutation_envelopes_not_biological_confidence_intervals	PASS_COMPUTED
mechanism__apc_ifn_apm__curated_apc_dc_activation	9	0.7013717365003478	0.4630495685962923	0.8017443321624576	0.4630495685962923	0.8017443321624576	0.5207818168043447	0.2719143798484478	0.7015244533455056	0.2719143798484478	0.7015244533455056	0.03	exact_observation_mask_nearest_expression_detection	algorithmic_stability_and_permutation_envelopes_not_biological_confidence_intervals	PASS_COMPUTED
mechanism__apc_ifn_apm__curated_ifn_response	10	-0.23684442329540195	-0.5329685928667072	0.11130409612400838	-0.5329685928667072	0.11130409612400838	0.41958471117466567	-0.2563938681732944	0.5924391636251499	-0.2563938681732944	0.5924391636251499	0.96	exact_observation_mask_nearest_expression_detection	algorithmic_stability_and_permutation_envelopes_not_biological_confidence_intervals	PASS_COMPUTED
mechanism__apc_ifn_apm__hallmark_ifn_alpha	97	0.9427979450253365	0.8803603000052603	0.9704322255796421	0.8803603000052603	0.9704322255796421	0.9499950320578385	0.8853004655254039	0.9739397023325951	0.8853004655254039	0.9739397023325951	0.64	exact_observation_mask_nearest_expression_detection	algorithmic_stability_and_permutation_envelopes_not_biological_confidence_intervals	PASS_COMPUTED
mechanism__apc_ifn_apm__hallmark_ifn_gamma	200	0.9641516215947681	0.8918227233674466	0.9828806247333385	0.8918227233674466	0.9828806247333385	0.9736677148050522	0.9348559296773177	0.9849692279817882	0.9348559296773177	0.9849692279817882	0.74	exact_observation_mask_nearest_expression_detection	algorithmic_stability_and_permutation_envelopes_not_biological_confidence_intervals	PASS_COMPUTED
mechanism__apc_ifn_apm__reactome_ifn_alpha_beta	78												exact_observation_mask_nearest_expression_detection	algorithmic_stability_and_permutation_envelopes_not_biological_confidence_intervals	NOT_TESTABLE_INSUFFICIENT_EXACT_MASK_NULLS
mechanism__apc_ifn_apm__reactome_ifn_gamma	97	0.9187189138325046	0.7919344436197012	0.961109093087547	0.7919344436197012	0.961109093087547	0.9269154339351363	0.8379758923300819	0.9611743849979837	0.8379758923300819	0.9611743849979837	0.59	exact_observation_mask_nearest_expression_detection	algorithmic_stability_and_permutation_envelopes_not_biological_confidence_intervals	PASS_COMPUTED
mechanism__apc_ifn_apm__reactome_mhc_i	373												exact_observation_mask_nearest_expression_detection	algorithmic_stability_and_permutation_envelopes_not_biological_confidence_intervals	NOT_TESTABLE_INSUFFICIENT_EXACT_MASK_NULLS
mechanism__apc_ifn_apm__reactome_mhc_ii	125												exact_observation_mask_nearest_expression_detection	algorithmic_stability_and_permutation_envelopes_not_biological_confidence_intervals	NOT_TESTABLE_INSUFFICIENT_EXACT_MASK_NULLS
mechanism__caf_ecm__curated_stromal_tgfb	8	0.6695402315645511	0.4455139482281981	0.7909026312559542	0.4455139482281981	0.7909026312559542	0.5166104083170374	-0.0321471646517896	0.7218399504374713	-0.0321471646517896	0.7218399504374713	0.28	exact_observation_mask_nearest_expression_detection	algorithmic_stability_and_permutation_envelopes_not_biological_confidence_intervals	PASS_COMPUTED
mechanism__caf_ecm__hallmark_emt	200												exact_observation_mask_nearest_expression_detection	algorithmic_stability_and_permutation_envelopes_not_biological_confidence_intervals	NOT_TESTABLE_INSUFFICIENT_EXACT_MASK_NULLS
mechanism__caf_ecm__reactome_ecm	321												exact_observation_mask_nearest_expression_detection	algorithmic_stability_and_permutation_envelopes_not_biological_confidence_intervals	NOT_TESTABLE_INSUFFICIENT_EXACT_MASK_NULLS
mechanism__cytotoxic_t_nk__curated_cytotoxicity	7	0.9544907274820716	0.8936702261495985	0.9720418461457537	0.8936702261495985	0.9720418461457537	0.2300198133222675	-0.0030036689714021854	0.6656799943891478	-0.0030036689714021854	0.6656799943891478	0.0	exact_observation_mask_nearest_expression_detection	algorithmic_stability_and_permutation_envelopes_not_biological_confidence_intervals	PASS_COMPUTED
mechanism__cytotoxic_t_nk__curated_nk_cytotoxicity	8	0.8904624277456649	0.7991694182742933	0.9173299356505376	0.7991694182742933	0.9173299356505376	0.44400237876759974	0.12497721504301797	0.6964444145718511	0.12497721504301797	0.6964444145718511	0.0	exact_observation_mask_nearest_expression_detection	algorithmic_stability_and_permutation_envelopes_not_biological_confidence_intervals	PASS_COMPUTED
mechanism__cytotoxic_t_nk__hallmark_allograft_rejection	200												exact_observation_mask_nearest_expression_detection	algorithmic_stability_and_permutation_envelopes_not_biological_confidence_intervals	NOT_TESTABLE_INSUFFICIENT_EXACT_MASK_NULLS
mechanism__exhaustion__curated_broad_exhaustion	9	-0.2156707093826867	-0.3196288383969688	-0.06473035754819052	-0.3196288383969688	-0.06473035754819052	0.1920007911745769	-0.3954358287692196	0.4462330533831328	-0.3954358287692196	0.4462330533831328	0.92	exact_observation_mask_nearest_expression_detection	algorithmic_stability_and_permutation_envelopes_not_biological_confidence_intervals	PASS_COMPUTED
mechanism__exhaustion__sentinel_progenitor_exhaustion	8	0.8917543849395372	0.779141364255364	0.9452931305049184	0.779141364255364	0.9452931305049184	0.5483674465361754	-0.12154684184994478	0.8045359942021192	-0.12154684184994478	0.8045359942021192	0.0	exact_observation_mask_nearest_expression_detection	algorithmic_stability_and_permutation_envelopes_not_biological_confidence_intervals	PASS_COMPUTED
mechanism__exhaustion__sentinel_terminal_exhaustion	9	0.8952997749439753	0.7524139457191112	0.94712851397998	0.7524139457191112	0.94712851397998	0.5158029543722475	0.1301423257398858	0.7698428376885628	0.1301423257398858	0.7698428376885628	0.0	exact_observation_mask_nearest_expression_detection	algorithmic_stability_and_permutation_envelopes_not_biological_confidence_intervals	PASS_COMPUTED
mechanism__hypoxia__curated_hypoxia	7	0.553179482983337	0.3609127570910069	0.7207461264662737	0.3609127570910069	0.7207461264662737	0.6053428756787087	0.43153863013378385	0.7176888329427167	0.43153863013378385	0.7176888329427167	0.78	exact_observation_mask_nearest_expression_detection	algorithmic_stability_and_permutation_envelopes_not_biological_confidence_intervals	PASS_COMPUTED
mechanism__hypoxia__hallmark_hypoxia	200												exact_observation_mask_nearest_expression_detection	algorithmic_stability_and_permutation_envelopes_not_biological_confidence_intervals	NOT_TESTABLE_INSUFFICIENT_EXACT_MASK_NULLS
mechanism__neutrophil_tan_net__reactome_neutrophil_degranulation	477												exact_observation_mask_nearest_expression_detection	algorithmic_stability_and_permutation_envelopes_not_biological_confidence_intervals	NOT_TESTABLE_INSUFFICIENT_EXACT_MASK_NULLS
mechanism__neutrophil_tan_net__sentinel_neutrophil_net	10	0.8987729839486531	0.6149549127185974	0.9709579329710004	0.6149549127185974	0.9709579329710004	0.0746819055857204	-0.1956756096470535	0.4329961951407682	-0.1956756096470535	0.4329961951407682	0.0	exact_observation_mask_nearest_expression_detection	algorithmic_stability_and_permutation_envelopes_not_biological_confidence_intervals	PASS_COMPUTED
mechanism__suppressive_myeloid__curated_myeloid_suppression	13	0.698842469476379	0.4562826057733333	0.8204497448815586	0.4562826057733333	0.8204497448815586	-0.30562268771515577	-0.6487635230307955	0.01683885456787662	-0.6487635230307955	0.01683885456787662	0.0	exact_observation_mask_nearest_expression_detection	algorithmic_stability_and_permutation_envelopes_not_biological_confidence_intervals	PASS_COMPUTED
mechanism__tls_b__reactome_bcr	153												exact_observation_mask_nearest_expression_detection	algorithmic_stability_and_permutation_envelopes_not_biological_confidence_intervals	NOT_TESTABLE_INSUFFICIENT_EXACT_MASK_NULLS
mechanism__tls_b__sentinel_tls_b	10	0.5244035547087325	0.2014207364828139	0.7456570468798401	0.2014207364828139	0.7456570468798401	0.4439344348527444	0.023709182510505744	0.7394776062701276	0.023709182510505744	0.7394776062701276	0.35	exact_observation_mask_nearest_expression_detection	algorithmic_stability_and_permutation_envelopes_not_biological_confidence_intervals	PASS_COMPUTED
mechanism__wnt_beta_catenin__hallmark_wnt_beta_catenin	42	0.9205105875614419	0.836070752263336	0.9617209463053122	0.836070752263336	0.9617209463053122	0.9012584966422558	0.8003435770352492	0.9436414650753667	0.8003435770352492	0.9436414650753667	0.32	exact_observation_mask_nearest_expression_detection	algorithmic_stability_and_permutation_envelopes_not_biological_confidence_intervals	PASS_COMPUTED
mechanism__wnt_beta_catenin__reactome_wnt	317												exact_observation_mask_nearest_expression_detection	algorithmic_stability_and_permutation_envelopes_not_biological_confidence_intervals	NOT_TESTABLE_INSUFFICIENT_EXACT_MASK_NULLS
mechanism__wnt_beta_catenin__sentinel_tumor_wnt	8	0.6033906507392705	0.3141955979768525	0.8243884242238451	0.3141955979768525	0.8243884242238451	0.4939199693740978	0.14785531014570685	0.7114328348831365	0.14785531014570685	0.7114328348831365	0.17	exact_observation_mask_nearest_expression_detection	algorithmic_stability_and_permutation_envelopes_not_biological_confidence_intervals	PASS_COMPUTED
