cohort_id	feature_id	statistic	n_patients	ci_low	ci_high	status
GSE238264	FM01	moran	2	0.1816495775262437	0.19538302464333857	ESTIMABLE
GSE238264	FM02	moran	2	0.27120848217675625	0.29391671644752865	ESTIMABLE
GSE238264	FM03	moran	2	0.24520326913640936	0.2752164990980429	ESTIMABLE
GSE238264	FM04	moran	2	0.14314262590932467	0.4943248459942003	ESTIMABLE
GSE238264	FM05	moran	2	0.23737141945991203	0.34793157017005344	ESTIMABLE
GSE238264	FM06	moran	2	0.15159870091388783	0.18300434147750197	ESTIMABLE
GSE238264	FM07	moran	2	0.28639540064929375	0.6854227630418228	ESTIMABLE
GSE238264	FM08	moran	2	0.25518955488881484	0.39687541589682523	ESTIMABLE
GSE238264	mechanism__angiogenesis_endothelial__curated_angiogenesis	moran	2	0.07564083757140096	0.12988796991610693	ESTIMABLE
GSE238264	mechanism__angiogenesis_endothelial__hallmark_angiogenesis	moran	2	0.2222844460768361	0.44576409416120555	ESTIMABLE
GSE238264	mechanism__angiogenesis_endothelial__reactome_vegf	moran	2	0.4319571078544547	0.6331005700357583	ESTIMABLE
GSE238264	mechanism__apc_ifn_apm__curated_antigen_presentation	moran	2	0.1870663476153786	0.35943709386221334	ESTIMABLE
GSE238264	mechanism__apc_ifn_apm__curated_apc_dc_activation	moran	2	-0.03043638895495288	-0.0038661618050284635	ESTIMABLE
GSE238264	mechanism__apc_ifn_apm__curated_ifn_response	moran	2	0.006107137875242247	0.04281873883900615	ESTIMABLE
GSE238264	mechanism__apc_ifn_apm__hallmark_ifn_alpha	moran	2	0.3762173111608565	0.6692530089496906	ESTIMABLE
GSE238264	mechanism__apc_ifn_apm__hallmark_ifn_gamma	moran	2	0.4567590824744888	0.7379327301352749	ESTIMABLE
GSE238264	mechanism__apc_ifn_apm__reactome_ifn_alpha_beta	moran	2	0.3484038248906703	0.7262060059573842	ESTIMABLE
GSE238264	mechanism__apc_ifn_apm__reactome_ifn_gamma	moran	2	0.36600261286147767	0.6337014523484472	ESTIMABLE
GSE238264	mechanism__apc_ifn_apm__reactome_mhc_i	moran	2	0.5669827769613864	0.7659127746910043	ESTIMABLE
GSE238264	mechanism__apc_ifn_apm__reactome_mhc_ii	moran	2	0.454384833258042	0.6673118876846289	ESTIMABLE
GSE238264	mechanism__caf_ecm__curated_stromal_tgfb	moran	2	0.22272105283452298	0.36341222138893065	ESTIMABLE
GSE238264	mechanism__caf_ecm__hallmark_emt	moran	2	0.43820732393056394	0.6848596863185922	ESTIMABLE
GSE238264	mechanism__caf_ecm__reactome_ecm	moran	2	0.458850961818188	0.7518120624094358	ESTIMABLE
GSE238264	mechanism__cytotoxic_t_nk__curated_cytotoxicity	moran	2	-0.007249267049716996	0.051120565608853794	ESTIMABLE
GSE238264	mechanism__cytotoxic_t_nk__curated_nk_cytotoxicity	moran	2	0.026083122396422177	0.05907785335442682	ESTIMABLE
GSE238264	mechanism__cytotoxic_t_nk__hallmark_allograft_rejection	moran	2	0.3998163990345119	0.7005767968886418	ESTIMABLE
GSE238264	mechanism__exhaustion__curated_broad_exhaustion	moran	2	-0.008221661654822993	0.013840409140858196	ESTIMABLE
GSE238264	mechanism__exhaustion__sentinel_progenitor_exhaustion	moran	2	-0.004217927360721083	0.04219329037388041	ESTIMABLE
GSE238264	mechanism__exhaustion__sentinel_terminal_exhaustion	moran	2	0.01268672503097371	0.022547126262284653	ESTIMABLE
GSE238264	mechanism__hypoxia__curated_hypoxia	moran	2	0.22367767912805428	0.35891972473156913	ESTIMABLE
GSE238264	mechanism__hypoxia__hallmark_hypoxia	moran	2	0.5229932122947906	0.7558168760386045	ESTIMABLE
GSE238264	mechanism__neutrophil_tan_net__reactome_neutrophil_degranulation	moran	2	0.5833527977140274	0.807720731518439	ESTIMABLE
GSE238264	mechanism__neutrophil_tan_net__sentinel_neutrophil_net	moran	2	0.01763674631957168	0.04938207904015478	ESTIMABLE
GSE238264	mechanism__suppressive_myeloid__curated_myeloid_suppression	moran	2	0.04334944195798873	0.14398270370107566	ESTIMABLE
GSE238264	mechanism__tls_b__reactome_bcr	moran	2	0.46848244442320947	0.712650338033924	ESTIMABLE
GSE238264	mechanism__tls_b__sentinel_tls_b	moran	2	0.0914758212447568	0.21548609154398873	ESTIMABLE
GSE238264	mechanism__wnt_beta_catenin__hallmark_wnt_beta_catenin	moran	2	0.2542163216769567	0.31474003759254565	ESTIMABLE
GSE238264	mechanism__wnt_beta_catenin__reactome_wnt	moran	2	0.5451194387330098	0.7308736287240176	ESTIMABLE
GSE238264	mechanism__wnt_beta_catenin__sentinel_tumor_wnt	moran	2	0.13173731490056795	0.18375749906304256	ESTIMABLE
GSE291246	FM01	moran	2	0.19641063935510159	0.20550766671547802	ESTIMABLE
GSE291246	FM02	moran	2	0.30300048446973304	0.348635915695244	ESTIMABLE
GSE291246	FM03	moran	2	0.2946974977297748	0.3049398051385371	ESTIMABLE
GSE291246	FM04	moran	2	0.38051436211420675	0.39610091956485965	ESTIMABLE
GSE291246	FM05	moran	2	0.2645990968134865	0.29792184656249615	ESTIMABLE
GSE291246	FM06	moran	2	0.23312690859140936	0.2950947262183326	ESTIMABLE
GSE291246	FM07	moran	2	0.19521661138911983	0.25028708500530444	ESTIMABLE
GSE291246	FM08	moran	2	0.26635484925418673	0.30870563239749654	ESTIMABLE
GSE291246	mechanism__angiogenesis_endothelial__curated_angiogenesis	moran	2	0.17756142676358735	0.1776510980151791	ESTIMABLE
GSE291246	mechanism__angiogenesis_endothelial__hallmark_angiogenesis	moran	2	0.3322708083222018	0.4741194625817806	ESTIMABLE
GSE291246	mechanism__angiogenesis_endothelial__reactome_vegf	moran	2	0.19843755891430884	0.2589698811210846	ESTIMABLE
GSE291246	mechanism__apc_ifn_apm__curated_antigen_presentation	moran	2	0.31445876200412276	0.4839684337634039	ESTIMABLE
GSE291246	mechanism__apc_ifn_apm__curated_apc_dc_activation	moran	2	0.03159942995439589	0.08195198113876671	ESTIMABLE
GSE291246	mechanism__apc_ifn_apm__curated_ifn_response	moran	2	0.02147313346693934	0.022747888621324857	ESTIMABLE
GSE291246	mechanism__apc_ifn_apm__hallmark_ifn_alpha	moran	2	0.2383346053848229	0.3163469756677353	ESTIMABLE
GSE291246	mechanism__apc_ifn_apm__hallmark_ifn_gamma	moran	2	0.3023603173676621	0.4706737244715081	ESTIMABLE
GSE291246	mechanism__apc_ifn_apm__reactome_ifn_alpha_beta	moran	2	0.13353572392434965	0.2188286173883943	ESTIMABLE
GSE291246	mechanism__apc_ifn_apm__reactome_ifn_gamma	moran	2	0.26512959310763057	0.39798826886507843	ESTIMABLE
GSE291246	mechanism__apc_ifn_apm__reactome_mhc_i	moran	2	0.14413135566422586	0.3943943587084588	ESTIMABLE
GSE291246	mechanism__apc_ifn_apm__reactome_mhc_ii	moran	2	0.31639702530622416	0.4515131648131833	ESTIMABLE
GSE291246	mechanism__caf_ecm__curated_stromal_tgfb	moran	2	0.36280079844688906	0.49688254533454546	ESTIMABLE
GSE291246	mechanism__caf_ecm__hallmark_emt	moran	2	0.4159760475332342	0.4587138132141523	ESTIMABLE
GSE291246	mechanism__caf_ecm__reactome_ecm	moran	2	0.44827711764891226	0.4488559806733263	ESTIMABLE
GSE291246	mechanism__cytotoxic_t_nk__curated_cytotoxicity	moran	2	0.1473216413279056	0.15107120339096317	ESTIMABLE
GSE291246	mechanism__cytotoxic_t_nk__curated_nk_cytotoxicity	moran	2	0.06486002709361732	0.07259917829218954	ESTIMABLE
GSE291246	mechanism__cytotoxic_t_nk__hallmark_allograft_rejection	moran	2	0.3817724059007342	0.4551855991138998	ESTIMABLE
GSE291246	mechanism__exhaustion__curated_broad_exhaustion	moran	2	0.01625093070229124	0.02800286861408702	ESTIMABLE
GSE291246	mechanism__exhaustion__sentinel_progenitor_exhaustion	moran	2	0.023051015657748794	0.10579769195658027	ESTIMABLE
GSE291246	mechanism__exhaustion__sentinel_terminal_exhaustion	moran	2	0.13616774167367157	0.1537381365058031	ESTIMABLE
GSE291246	mechanism__hypoxia__curated_hypoxia	moran	0			NOT_ESTIMABLE_TOO_FEW_PATIENTS
GSE291246	mechanism__hypoxia__hallmark_hypoxia	moran	2	0.1293711148905008	0.3037427283582673	ESTIMABLE
GSE291246	mechanism__neutrophil_tan_net__reactome_neutrophil_degranulation	moran	2	0.3471648957928999	0.40786495223131886	ESTIMABLE
GSE291246	mechanism__neutrophil_tan_net__sentinel_neutrophil_net	moran	2	0.08112849941831657	0.49495684940832546	ESTIMABLE
GSE291246	mechanism__suppressive_myeloid__curated_myeloid_suppression	moran	2	0.077005562094182	0.28090411482958566	ESTIMABLE
GSE291246	mechanism__tls_b__reactome_bcr	moran	2	0.12626325368082716	0.5791542768566663	ESTIMABLE
GSE291246	mechanism__tls_b__sentinel_tls_b	moran	2	0.31856410116599326	0.4752709140433895	ESTIMABLE
GSE291246	mechanism__wnt_beta_catenin__hallmark_wnt_beta_catenin	moran	2	0.044262531933656306	0.10856072353346195	ESTIMABLE
GSE291246	mechanism__wnt_beta_catenin__reactome_wnt	moran	2	0.13393492236547413	0.1456222358879093	ESTIMABLE
GSE291246	mechanism__wnt_beta_catenin__sentinel_tumor_wnt	moran	2	0.07087272050314726	0.19007214777742054	ESTIMABLE
HTAN_VANDERBILT_CRC	FM01	moran	3	0.4321437282623197	0.7122097675260729	ESTIMABLE
HTAN_VANDERBILT_CRC	FM02	moran	3	0.45061747718760464	0.8142859639231528	ESTIMABLE
HTAN_VANDERBILT_CRC	FM03	moran	3	0.3015787240506622	0.8056783597459823	ESTIMABLE
HTAN_VANDERBILT_CRC	FM04	moran	3	0.7306657837736009	0.7872738539346926	ESTIMABLE
HTAN_VANDERBILT_CRC	FM05	moran	3	0.6568163694596615	0.7936290990532262	ESTIMABLE
HTAN_VANDERBILT_CRC	FM06	moran	3	0.4379999392805581	0.6946347923792281	ESTIMABLE
HTAN_VANDERBILT_CRC	FM07	moran	3	0.5948265902860725	0.7645103110339545	ESTIMABLE
HTAN_VANDERBILT_CRC	FM08	moran	3	0.6937303518607036	0.8165529896070645	ESTIMABLE
HTAN_VANDERBILT_CRC	mechanism__angiogenesis_endothelial__curated_angiogenesis	moran	3	0.2682184365700207	0.3221368864811448	ESTIMABLE
HTAN_VANDERBILT_CRC	mechanism__angiogenesis_endothelial__hallmark_angiogenesis	moran	3	0.5815333663783255	0.6754814909416201	ESTIMABLE
HTAN_VANDERBILT_CRC	mechanism__angiogenesis_endothelial__reactome_vegf	moran	3	0.7920066687327681	0.8640887886568992	ESTIMABLE
HTAN_VANDERBILT_CRC	mechanism__apc_ifn_apm__curated_antigen_presentation	moran	3	0.37146151725092497	0.7366563472554519	ESTIMABLE
HTAN_VANDERBILT_CRC	mechanism__apc_ifn_apm__curated_apc_dc_activation	moran	3	0.07566030147698848	0.33254723017137583	ESTIMABLE
HTAN_VANDERBILT_CRC	mechanism__apc_ifn_apm__curated_ifn_response	moran	3	0.04090784536092784	0.22056316834972148	ESTIMABLE
HTAN_VANDERBILT_CRC	mechanism__apc_ifn_apm__hallmark_ifn_alpha	moran	3	0.8361158814182822	0.8538446944274639	ESTIMABLE
HTAN_VANDERBILT_CRC	mechanism__apc_ifn_apm__hallmark_ifn_gamma	moran	3	0.8433115971498687	0.8666190605283587	ESTIMABLE
HTAN_VANDERBILT_CRC	mechanism__apc_ifn_apm__reactome_ifn_alpha_beta	moran	3	0.8090911676181131	0.8400405532552394	ESTIMABLE
HTAN_VANDERBILT_CRC	mechanism__apc_ifn_apm__reactome_ifn_gamma	moran	3	0.7942704385579941	0.8347525399660408	ESTIMABLE
HTAN_VANDERBILT_CRC	mechanism__apc_ifn_apm__reactome_mhc_i	moran	3	0.8485791124891625	0.909159917333615	ESTIMABLE
HTAN_VANDERBILT_CRC	mechanism__apc_ifn_apm__reactome_mhc_ii	moran	3	0.8118869706136648	0.8652805320386082	ESTIMABLE
HTAN_VANDERBILT_CRC	mechanism__caf_ecm__curated_stromal_tgfb	moran	3	0.40234794572265936	0.681522131148952	ESTIMABLE
HTAN_VANDERBILT_CRC	mechanism__caf_ecm__hallmark_emt	moran	3	0.6949068168170308	0.8644531498058458	ESTIMABLE
HTAN_VANDERBILT_CRC	mechanism__caf_ecm__reactome_ecm	moran	3	0.7530205802594342	0.8706574736734588	ESTIMABLE
HTAN_VANDERBILT_CRC	mechanism__cytotoxic_t_nk__curated_cytotoxicity	moran	3	0.17416648068413346	0.5312473618307594	ESTIMABLE
HTAN_VANDERBILT_CRC	mechanism__cytotoxic_t_nk__curated_nk_cytotoxicity	moran	3	0.18663333290655335	0.5412313232394264	ESTIMABLE
HTAN_VANDERBILT_CRC	mechanism__cytotoxic_t_nk__hallmark_allograft_rejection	moran	3	0.8044174005141794	0.8260652874559554	ESTIMABLE
HTAN_VANDERBILT_CRC	mechanism__exhaustion__curated_broad_exhaustion	moran	3	0.10546754002383711	0.14035683200403654	ESTIMABLE
HTAN_VANDERBILT_CRC	mechanism__exhaustion__sentinel_progenitor_exhaustion	moran	3	0.07964007360357733	0.35486235427712115	ESTIMABLE
HTAN_VANDERBILT_CRC	mechanism__exhaustion__sentinel_terminal_exhaustion	moran	3	0.07010393300785578	0.5208181205955983	ESTIMABLE
HTAN_VANDERBILT_CRC	mechanism__hypoxia__curated_hypoxia	moran	3	0.5027351960315932	0.549270645648349	ESTIMABLE
HTAN_VANDERBILT_CRC	mechanism__hypoxia__hallmark_hypoxia	moran	3	0.7543169035053695	0.8715771494437655	ESTIMABLE
HTAN_VANDERBILT_CRC	mechanism__neutrophil_tan_net__reactome_neutrophil_degranulation	moran	3	0.8474341975693646	0.9197326883960576	ESTIMABLE
HTAN_VANDERBILT_CRC	mechanism__neutrophil_tan_net__sentinel_neutrophil_net	moran	3	0.1685054324505814	0.5251419775677034	ESTIMABLE
HTAN_VANDERBILT_CRC	mechanism__suppressive_myeloid__curated_myeloid_suppression	moran	3	0.06538890398075406	0.42788277480562903	ESTIMABLE
HTAN_VANDERBILT_CRC	mechanism__tls_b__reactome_bcr	moran	3	0.8151769488879917	0.8602812794600626	ESTIMABLE
HTAN_VANDERBILT_CRC	mechanism__tls_b__sentinel_tls_b	moran	3	0.2887997240080474	0.498730086472539	ESTIMABLE
HTAN_VANDERBILT_CRC	mechanism__wnt_beta_catenin__hallmark_wnt_beta_catenin	moran	3	0.6900599825294567	0.791256873507853	ESTIMABLE
HTAN_VANDERBILT_CRC	mechanism__wnt_beta_catenin__reactome_wnt	moran	3	0.8346730923121656	0.8921208699868765	ESTIMABLE
HTAN_VANDERBILT_CRC	mechanism__wnt_beta_catenin__sentinel_tumor_wnt	moran	3	0.41587784156231883	0.6057718457666172	ESTIMABLE
