dataset_id	platform	feature_id	spatial_projection_status	n_units	median_coverage	min_coverage	max_coverage	n_finite_score_rows
GSE238264	Visium	FM01	limited_with_uncertainty	2	0.9992702737004832	0.9992702737004832	0.9992702737004832	3773
GSE238264	Visium	FM02	limited_with_uncertainty	2	0.9960517459897216	0.9960517459897216	0.9960517459897216	3773
GSE238264	Visium	FM03	limited_with_uncertainty	2	0.9979156569089574	0.9979156569089574	0.9979156569089574	3773
GSE238264	Visium	FM04	limited_with_uncertainty	2	0.9928665759571288	0.9928665759571288	0.9928665759571288	3773
GSE238264	Visium	FM05	limited_with_uncertainty	2	0.9948707715029506	0.9948707715029506	0.9948707715029506	3773
GSE238264	Visium	FM06	limited_with_uncertainty	2	0.9987293289745776	0.9987293289745776	0.9987293289745776	3773
GSE238264	Visium	FM07	limited_with_uncertainty	2	0.9991600451048754	0.9991600451048754	0.9991600451048754	3773
GSE238264	Visium	FM08	limited_with_uncertainty	2	0.9966070178912358	0.9966070178912358	0.9966070178912358	3773
GSE238264	Visium	mechanism__angiogenesis_endothelial__curated_angiogenesis	measurable	2	1.0	1.0	1.0	3773
GSE238264	Visium	mechanism__angiogenesis_endothelial__hallmark_angiogenesis	measurable	2	1.0	1.0	1.0	3773
GSE238264	Visium	mechanism__angiogenesis_endothelial__reactome_vegf	measurable	2	1.0	1.0	1.0	3773
GSE238264	Visium	mechanism__apc_ifn_apm__curated_antigen_presentation	measurable	2	1.0	1.0	1.0	3773
GSE238264	Visium	mechanism__apc_ifn_apm__curated_apc_dc_activation	measurable	2	1.0	1.0	1.0	3773
GSE238264	Visium	mechanism__apc_ifn_apm__curated_ifn_response	measurable	2	1.0	1.0	1.0	3773
GSE238264	Visium	mechanism__apc_ifn_apm__hallmark_ifn_alpha	limited_with_uncertainty	2	0.9896907216494846	0.9896907216494846	0.9896907216494846	3773
GSE238264	Visium	mechanism__apc_ifn_apm__hallmark_ifn_gamma	limited_with_uncertainty	2	0.98	0.98	0.98	3773
GSE238264	Visium	mechanism__apc_ifn_apm__reactome_ifn_alpha_beta	limited_with_uncertainty	2	0.9871794871794872	0.9871794871794872	0.9871794871794872	3773
GSE238264	Visium	mechanism__apc_ifn_apm__reactome_ifn_gamma	limited_with_uncertainty	2	0.9591836734693876	0.9591836734693876	0.9591836734693876	3773
GSE238264	Visium	mechanism__apc_ifn_apm__reactome_mhc_i	limited_with_uncertainty	2	0.9973190348525468	0.9973190348525468	0.9973190348525468	3773
GSE238264	Visium	mechanism__apc_ifn_apm__reactome_mhc_ii	limited_with_uncertainty	2	0.9761904761904762	0.9761904761904762	0.9761904761904762	3773
GSE238264	Visium	mechanism__caf_ecm__curated_stromal_tgfb	measurable	2	1.0	1.0	1.0	3773
GSE238264	Visium	mechanism__caf_ecm__hallmark_emt	measurable	2	1.0	1.0	1.0	3773
GSE238264	Visium	mechanism__caf_ecm__reactome_ecm	measurable	2	1.0	1.0	1.0	3773
GSE238264	Visium	mechanism__cytotoxic_t_nk__curated_cytotoxicity	measurable	2	1.0	1.0	1.0	3773
GSE238264	Visium	mechanism__cytotoxic_t_nk__curated_nk_cytotoxicity	measurable	2	1.0	1.0	1.0	3773
GSE238264	Visium	mechanism__cytotoxic_t_nk__hallmark_allograft_rejection	limited_with_uncertainty	2	0.98	0.98	0.98	3773
GSE238264	Visium	mechanism__exhaustion__curated_broad_exhaustion	measurable	2	1.0	1.0	1.0	3773
GSE238264	Visium	mechanism__exhaustion__sentinel_progenitor_exhaustion	measurable	2	1.0	1.0	1.0	3773
GSE238264	Visium	mechanism__exhaustion__sentinel_terminal_exhaustion	measurable	2	1.0	1.0	1.0	3773
GSE238264	Visium	mechanism__hypoxia__curated_hypoxia	measurable	2	1.0	1.0	1.0	3773
GSE238264	Visium	mechanism__hypoxia__hallmark_hypoxia	measurable	2	1.0	1.0	1.0	3773
GSE238264	Visium	mechanism__neutrophil_tan_net__reactome_neutrophil_degranulation	limited_with_uncertainty	2	0.9895397489539748	0.9895397489539748	0.9895397489539748	3773
GSE238264	Visium	mechanism__neutrophil_tan_net__sentinel_neutrophil_net	measurable	2	1.0	1.0	1.0	3773
GSE238264	Visium	mechanism__suppressive_myeloid__curated_myeloid_suppression	measurable	2	1.0	1.0	1.0	3773
GSE238264	Visium	mechanism__tls_b__reactome_bcr	measurable	2	1.0	1.0	1.0	3773
GSE238264	Visium	mechanism__tls_b__sentinel_tls_b	measurable	2	1.0	1.0	1.0	3773
GSE238264	Visium	mechanism__wnt_beta_catenin__hallmark_wnt_beta_catenin	measurable	2	1.0	1.0	1.0	3773
GSE238264	Visium	mechanism__wnt_beta_catenin__reactome_wnt	limited_with_uncertainty	2	0.8107255520504731	0.8107255520504731	0.8107255520504731	3773
GSE238264	Visium	mechanism__wnt_beta_catenin__sentinel_tumor_wnt	measurable	2	1.0	1.0	1.0	3773
GSE291246	Xenium	FM01	limited_with_uncertainty	5	0.356372230860084	0.356372230860084	0.356372230860084	172825
GSE291246	Xenium	FM02	limited_with_uncertainty	5	0.424509782213452	0.424509782213452	0.424509782213452	172825
GSE291246	Xenium	FM03	limited_with_uncertainty	5	0.3524620468336438	0.3524620468336438	0.3524620468336438	172825
GSE291246	Xenium	FM04	limited_with_uncertainty	5	0.2704593628232856	0.2704593628232856	0.2704593628232856	172825
GSE291246	Xenium	FM05	limited_with_uncertainty	5	0.4299925844508139	0.4299925844508139	0.4299925844508139	172825
GSE291246	Xenium	FM06	limited_with_uncertainty	5	0.4483812857583068	0.4483812857583068	0.4483812857583068	172825
GSE291246	Xenium	FM07	limited_with_uncertainty	5	0.21616264241191	0.21616264241191	0.21616264241191	172825
GSE291246	Xenium	FM08	limited_with_uncertainty	5	0.387162441871674	0.387162441871674	0.387162441871674	172825
GSE291246	Xenium	mechanism__angiogenesis_endothelial__curated_angiogenesis	limited_with_uncertainty	5	0.2857142857142857	0.2857142857142857	0.2857142857142857	172825
GSE291246	Xenium	mechanism__angiogenesis_endothelial__hallmark_angiogenesis	limited_with_uncertainty	5	0.0833333333333333	0.0833333333333333	0.0833333333333333	172825
GSE291246	Xenium	mechanism__angiogenesis_endothelial__reactome_vegf	limited_with_uncertainty	5	0.0377358490566037	0.0377358490566037	0.0377358490566037	172825
GSE291246	Xenium	mechanism__apc_ifn_apm__curated_antigen_presentation	limited_with_uncertainty	5	0.4444444444444444	0.4444444444444444	0.4444444444444444	172825
GSE291246	Xenium	mechanism__apc_ifn_apm__curated_apc_dc_activation	limited_with_uncertainty	5	0.3333333333333333	0.3333333333333333	0.3333333333333333	172825
GSE291246	Xenium	mechanism__apc_ifn_apm__curated_ifn_response	limited_with_uncertainty	5	0.2	0.2	0.2	172825
GSE291246	Xenium	mechanism__apc_ifn_apm__hallmark_ifn_alpha	limited_with_uncertainty	5	0.0412371134020618	0.0412371134020618	0.0412371134020618	172825
GSE291246	Xenium	mechanism__apc_ifn_apm__hallmark_ifn_gamma	limited_with_uncertainty	5	0.08	0.08	0.08	172825
GSE291246	Xenium	mechanism__apc_ifn_apm__reactome_ifn_alpha_beta	limited_with_uncertainty	5	0.0384615384615384	0.0384615384615384	0.0384615384615384	172825
GSE291246	Xenium	mechanism__apc_ifn_apm__reactome_ifn_gamma	limited_with_uncertainty	5	0.0816326530612244	0.0816326530612244	0.0816326530612244	172825
GSE291246	Xenium	mechanism__apc_ifn_apm__reactome_mhc_i	limited_with_uncertainty	5	0.0080428954423592	0.0080428954423592	0.0080428954423592	172825
GSE291246	Xenium	mechanism__apc_ifn_apm__reactome_mhc_ii	limited_with_uncertainty	5	0.0634920634920634	0.0634920634920634	0.0634920634920634	172825
GSE291246	Xenium	mechanism__caf_ecm__curated_stromal_tgfb	limited_with_uncertainty	5	0.625	0.625	0.625	172825
GSE291246	Xenium	mechanism__caf_ecm__hallmark_emt	limited_with_uncertainty	5	0.13	0.13	0.13	172825
GSE291246	Xenium	mechanism__caf_ecm__reactome_ecm	limited_with_uncertainty	5	0.0747663551401869	0.0747663551401869	0.0747663551401869	172825
GSE291246	Xenium	mechanism__cytotoxic_t_nk__curated_cytotoxicity	measurable	5	1.0	1.0	1.0	172825
GSE291246	Xenium	mechanism__cytotoxic_t_nk__curated_nk_cytotoxicity	limited_with_uncertainty	5	0.625	0.625	0.625	172825
GSE291246	Xenium	mechanism__cytotoxic_t_nk__hallmark_allograft_rejection	limited_with_uncertainty	5	0.165	0.165	0.165	172825
GSE291246	Xenium	mechanism__exhaustion__curated_broad_exhaustion	limited_with_uncertainty	5	0.7777777777777778	0.7777777777777778	0.7777777777777778	172825
GSE291246	Xenium	mechanism__exhaustion__sentinel_progenitor_exhaustion	limited_with_uncertainty	5	0.5	0.5	0.5	172825
GSE291246	Xenium	mechanism__exhaustion__sentinel_terminal_exhaustion	limited_with_uncertainty	5	0.8888888888888888	0.8888888888888888	0.8888888888888888	172825
GSE291246	Xenium	mechanism__hypoxia__curated_hypoxia	not_estimable	5	0.0	0.0	0.0	0
GSE291246	Xenium	mechanism__hypoxia__hallmark_hypoxia	limited_with_uncertainty	5	0.05	0.05	0.05	172825
GSE291246	Xenium	mechanism__neutrophil_tan_net__reactome_neutrophil_degranulation	limited_with_uncertainty	5	0.0418410041841004	0.0418410041841004	0.0418410041841004	172825
GSE291246	Xenium	mechanism__neutrophil_tan_net__sentinel_neutrophil_net	limited_with_uncertainty	5	0.1	0.1	0.1	172825
GSE291246	Xenium	mechanism__suppressive_myeloid__curated_myeloid_suppression	limited_with_uncertainty	5	0.2307692307692307	0.2307692307692307	0.2307692307692307	172825
GSE291246	Xenium	mechanism__tls_b__reactome_bcr	limited_with_uncertainty	5	0.3006535947712418	0.3006535947712418	0.3006535947712418	172825
GSE291246	Xenium	mechanism__tls_b__sentinel_tls_b	limited_with_uncertainty	5	0.7	0.7	0.7	172825
GSE291246	Xenium	mechanism__wnt_beta_catenin__hallmark_wnt_beta_catenin	limited_with_uncertainty	5	0.0476190476190476	0.0476190476190476	0.0476190476190476	172825
GSE291246	Xenium	mechanism__wnt_beta_catenin__reactome_wnt	limited_with_uncertainty	5	0.0189274447949526	0.0189274447949526	0.0189274447949526	172825
GSE291246	Xenium	mechanism__wnt_beta_catenin__sentinel_tumor_wnt	limited_with_uncertainty	5	0.125	0.125	0.125	172825
HTAN_VANDERBILT_CRC	Visium	FM01	limited_with_uncertainty	4	0.9937517456216216	0.9916060642666972	0.996592294523019	12606
HTAN_VANDERBILT_CRC	Visium	FM02	limited_with_uncertainty	4	0.9747207790320875	0.9545573921727828	0.9946788726312812	12606
HTAN_VANDERBILT_CRC	Visium	FM03	limited_with_uncertainty	4	0.9822732889415128	0.9700546659470028	0.994404851886172	12606
HTAN_VANDERBILT_CRC	Visium	FM04	limited_with_uncertainty	4	0.9872436653492664	0.9868368153285414	0.9877457591453258	12606
HTAN_VANDERBILT_CRC	Visium	FM05	limited_with_uncertainty	4	0.9876185272507165	0.981343122807156	0.9910286802540952	12606
HTAN_VANDERBILT_CRC	Visium	FM06	limited_with_uncertainty	4	0.8740656443162786	0.8685557216385944	0.8743381225783513	12606
HTAN_VANDERBILT_CRC	Visium	FM07	limited_with_uncertainty	4	0.997490805899462	0.9974235261019334	0.9975981860701528	12606
HTAN_VANDERBILT_CRC	Visium	FM08	limited_with_uncertainty	4	0.9517889728177782	0.9437391559959798	0.95578310002016	12606
HTAN_VANDERBILT_CRC	Visium	mechanism__angiogenesis_endothelial__curated_angiogenesis	measurable	4	1.0	1.0	1.0	12606
HTAN_VANDERBILT_CRC	Visium	mechanism__angiogenesis_endothelial__hallmark_angiogenesis	limited_with_uncertainty	2	0.9722222222222222	0.9722222222222222	0.9722222222222222	6154
HTAN_VANDERBILT_CRC	Visium	mechanism__angiogenesis_endothelial__hallmark_angiogenesis	measurable	2	1.0	1.0	1.0	6452
HTAN_VANDERBILT_CRC	Visium	mechanism__angiogenesis_endothelial__reactome_vegf	measurable	4	1.0	1.0	1.0	12606
HTAN_VANDERBILT_CRC	Visium	mechanism__apc_ifn_apm__curated_antigen_presentation	limited_with_uncertainty	2	0.8888888888888888	0.8888888888888888	0.8888888888888888	6452
HTAN_VANDERBILT_CRC	Visium	mechanism__apc_ifn_apm__curated_antigen_presentation	measurable	2	1.0	1.0	1.0	6154
HTAN_VANDERBILT_CRC	Visium	mechanism__apc_ifn_apm__curated_apc_dc_activation	limited_with_uncertainty	1	0.8888888888888888	0.8888888888888888	0.8888888888888888	3901
HTAN_VANDERBILT_CRC	Visium	mechanism__apc_ifn_apm__curated_apc_dc_activation	measurable	3	1.0	1.0	1.0	8705
HTAN_VANDERBILT_CRC	Visium	mechanism__apc_ifn_apm__curated_ifn_response	measurable	4	1.0	1.0	1.0	12606
HTAN_VANDERBILT_CRC	Visium	mechanism__apc_ifn_apm__hallmark_ifn_alpha	limited_with_uncertainty	4	0.9896907216494846	0.9896907216494846	0.9896907216494846	12606
HTAN_VANDERBILT_CRC	Visium	mechanism__apc_ifn_apm__hallmark_ifn_gamma	limited_with_uncertainty	4	0.975	0.97	0.98	12606
HTAN_VANDERBILT_CRC	Visium	mechanism__apc_ifn_apm__reactome_ifn_alpha_beta	limited_with_uncertainty	4	0.9743589743589745	0.9743589743589745	0.9743589743589745	12606
HTAN_VANDERBILT_CRC	Visium	mechanism__apc_ifn_apm__reactome_ifn_gamma	limited_with_uncertainty	4	0.9336734693877551	0.9285714285714286	0.9387755102040816	12606
HTAN_VANDERBILT_CRC	Visium	mechanism__apc_ifn_apm__reactome_mhc_i	limited_with_uncertainty	4	0.9906166219839141	0.9892761394101875	0.9946380697050938	12606
HTAN_VANDERBILT_CRC	Visium	mechanism__apc_ifn_apm__reactome_mhc_ii	limited_with_uncertainty	4	0.9603174603174605	0.9523809523809524	0.9682539682539684	12606
HTAN_VANDERBILT_CRC	Visium	mechanism__caf_ecm__curated_stromal_tgfb	measurable	4	1.0	1.0	1.0	12606
HTAN_VANDERBILT_CRC	Visium	mechanism__caf_ecm__hallmark_emt	limited_with_uncertainty	1	0.99	0.99	0.99	3461
HTAN_VANDERBILT_CRC	Visium	mechanism__caf_ecm__hallmark_emt	measurable	3	1.0	1.0	1.0	9145
HTAN_VANDERBILT_CRC	Visium	mechanism__caf_ecm__reactome_ecm	limited_with_uncertainty	2	0.9906542056074767	0.9844236760124612	0.9968847352024922	6154
HTAN_VANDERBILT_CRC	Visium	mechanism__caf_ecm__reactome_ecm	measurable	2	1.0	1.0	1.0	6452
HTAN_VANDERBILT_CRC	Visium	mechanism__cytotoxic_t_nk__curated_cytotoxicity	measurable	4	1.0	1.0	1.0	12606
HTAN_VANDERBILT_CRC	Visium	mechanism__cytotoxic_t_nk__curated_nk_cytotoxicity	limited_with_uncertainty	2	0.875	0.875	0.875	7362
HTAN_VANDERBILT_CRC	Visium	mechanism__cytotoxic_t_nk__curated_nk_cytotoxicity	measurable	2	1.0	1.0	1.0	5244
HTAN_VANDERBILT_CRC	Visium	mechanism__cytotoxic_t_nk__hallmark_allograft_rejection	limited_with_uncertainty	4	0.9424999999999999	0.94	0.945	12606
HTAN_VANDERBILT_CRC	Visium	mechanism__exhaustion__curated_broad_exhaustion	measurable	4	1.0	1.0	1.0	12606
HTAN_VANDERBILT_CRC	Visium	mechanism__exhaustion__sentinel_progenitor_exhaustion	measurable	4	1.0	1.0	1.0	12606
HTAN_VANDERBILT_CRC	Visium	mechanism__exhaustion__sentinel_terminal_exhaustion	measurable	4	1.0	1.0	1.0	12606
HTAN_VANDERBILT_CRC	Visium	mechanism__hypoxia__curated_hypoxia	measurable	4	1.0	1.0	1.0	12606
HTAN_VANDERBILT_CRC	Visium	mechanism__hypoxia__hallmark_hypoxia	limited_with_uncertainty	1	0.995	0.995	0.995	3461
HTAN_VANDERBILT_CRC	Visium	mechanism__hypoxia__hallmark_hypoxia	measurable	3	1.0	1.0	1.0	9145
HTAN_VANDERBILT_CRC	Visium	mechanism__neutrophil_tan_net__reactome_neutrophil_degranulation	limited_with_uncertainty	4	0.9801255230125523	0.9665271966527196	0.9853556485355648	12606
HTAN_VANDERBILT_CRC	Visium	mechanism__neutrophil_tan_net__sentinel_neutrophil_net	limited_with_uncertainty	2	0.9	0.9	0.9	6154
HTAN_VANDERBILT_CRC	Visium	mechanism__neutrophil_tan_net__sentinel_neutrophil_net	measurable	2	1.0	1.0	1.0	6452
HTAN_VANDERBILT_CRC	Visium	mechanism__suppressive_myeloid__curated_myeloid_suppression	measurable	4	1.0	1.0	1.0	12606
HTAN_VANDERBILT_CRC	Visium	mechanism__tls_b__reactome_bcr	limited_with_uncertainty	4	0.7124183006535948	0.6993464052287581	0.7124183006535948	12606
HTAN_VANDERBILT_CRC	Visium	mechanism__tls_b__sentinel_tls_b	measurable	4	1.0	1.0	1.0	12606
HTAN_VANDERBILT_CRC	Visium	mechanism__wnt_beta_catenin__hallmark_wnt_beta_catenin	measurable	4	1.0	1.0	1.0	12606
HTAN_VANDERBILT_CRC	Visium	mechanism__wnt_beta_catenin__reactome_wnt	limited_with_uncertainty	4	0.805993690851735	0.804416403785489	0.807570977917981	12606
HTAN_VANDERBILT_CRC	Visium	mechanism__wnt_beta_catenin__sentinel_tumor_wnt	measurable	4	1.0	1.0	1.0	12606
