group,is_load,is_preqc,id,resource,data_type,protocal,data_format,only_normd,celltype,organ,tissue,disease,num_patient,num_cell,loc_or_mta,treatment,prior_treatment,timepoint,tp_paired,has_os_pfs,has_outcome,is_annoed,if_qc,num_perturb_target,citiation,
imm,,,TASK01,inhouse,scRNA/scTCR,10X,txt,F,whole,liver,tumor,hcc,25,300k,loc,PD1,none,pre/post,paired,os/pfs,mRECIST,T,,,inhouse,
combo,,,TASK02,inhouse,scRNA/scTCR,10x,txt,F,whole,liver,tumor,hcc,25,300k,loc,PD1+TKI,none,pre/post,paired,os/pfs,mRECIST,T,,,inhouse,
combo,y,n,GSE151530,https://www.ncbi.nlm.nih.gov/geo/query/acc.cgi?acc=GSE151530,scRNA,10x,txt,F,whole,liver,tumor,hcc/icc,37,56k,loc,PD1/CTLA4/PD1+CTLA4/none,TACE/RFA,pre/post/long-post,paired,none,none,T,,,https://pmc.ncbi.nlm.nih.gov/articles/PMC8604764/#S6,
combo,y,n,GSE169246,https://www.ncbi.nlm.nih.gov/geo/query/acc.cgi?acc=GSE169246,scRNA`,10x,txt,F,CD45+,breast,tumor,tnbc,22,489k,loc/meta,PDL1+chemo/chemo,none,pre,none,none,RECIST,N,,,https://www.cell.com/cancer-cell/fulltext/S1535-6108(21)00499-2?_returnURL=https%3A%2F%2Flinkinghub.elsevier.com%2Fretrieve%2Fpii%2FS1535610821004992%3Fshowall%3Dtrue#mmc2,
combo,y,n,GSE205506,https://www.ncbi.nlm.nih.gov/geo/query/acc.cgi?acc=GSE205506,scRNA,10x,txt,F,whole,colorectum,tumor/adj,crc,19,155k,loc,PD1/PD1+celecoxib,none,pre/post,paired,none,pCR,N,,,https://www.cell.com/cancer-cell/fulltext/S1535-6108(23)00137-X?_returnURL=https%3A%2F%2Flinkinghub.elsevier.com%2Fretrieve%2Fpii%2FS153561082300137X%3Fshowall%3Dtrue,
combo,y,n,GSE249974,https://www.ncbi.nlm.nih.gov/geo/query/acc.cgi?acc=GSE249974,scRNA,10X,h5,F,whole,liver,tumor,icc,3,10K,loc,PD1+CTLA4+VEGFA,none,pre/post,paired,plot,tumor_size,N,F,,https://www.cell.com/immunity/fulltext/S1074-7613(25)00084-6?_returnURL=https%3A%2F%2Flinkinghub.elsevier.com%2Fretrieve%2Fpii%2FS1074761325000846%3Fshowall%3Dtrue,
combo,y,n,GSE284205,https://www.ncbi.nlm.nih.gov/geo/query/acc.cgi?acc=GSE249974,scRNA,10x,h5,F,whole,liver,pbmc,icc,6,50k,loc,PD1+CTLA4+VEGFA,none,pre/post,paired,plot,tumor_size,N,F,,https://www.cell.com/immunity/fulltext/S1074-7613(25)00084-6?_returnURL=https%3A%2F%2Flinkinghub.elsevier.com%2Fretrieve%2Fpii%2FS1074761325000846%3Fshowall%3Dtrue,
combo,,,GSE286827,https://www.ncbi.nlm.nih.gov/geo/query/acc.cgi,scRNA/scTCR,10x,rds,F,whole,head_neck,tumor,hnscc,29,200k,loc,PD1/PD1+CTLA4,none,pre/post,paired,none,patho,T,T,,https://www.cell.com/cell-reports-medicine/fulltext/S2666-3791(25)00481-1,
imm,,,PRJCA001063,https://zenodo.org/records/3969339,scRNA,10x,h5ad,F,whole,pancreatic,tumor/adj,pdac,35,67k,loc,none,none,pre,none,none,none,F,F,,https://pmc.ncbi.nlm.nih.gov/articles/PMC6796938/#sec28,
imm,,,GSE266919,https://www.ncbi.nlm.nih.gov/geo/query/acc.cgi?acc=GSE266919,scRNA,10x,rds,T,immune,breast,tumor,tnbc,44,447k,loc/meta,PTX/PTX+ATZ,none,pre/post,paired,none,RECIST,T,,,https://www.cell.com/cancer-cell/fulltext/S1535-6108(25)00025-X?_returnURL=https%3A%2F%2Flinkinghub.elsevier.com%2Fretrieve%2Fpii%2FS153561082500025X%3Fshowall%3Dtrue,
imm,,,mendeley_skrx2fz79n,https://data.mendeley.com/public-files/datasets/skrx2fz79n/files/37afb7ee-eb2b-4ac5-8447-de8aa7623677/file_downloaded,scRNA,10x,rds,F,whole,liver,tumor/adj,hcc,6,84k,loc,PD1,none,post,none,pfs,R/NR,T,T,,https://www.journal-of-hepatology.eu/article/S0168-8278(23)00023-5/fulltext#supplementary-material,
imm,,,mendeley_skrx2fz79n,https://data.mendeley.com/public-files/datasets/skrx2fz79n/files/37afb7ee-eb2b-4ac5-8447-de8aa7623677/file_downloaded,ST,10x spatial 3' v1,rds,F,whole,liver,tumor/adj,hcc,8,,loc,PD1,none,post,none,pfs,R/NR,T,T,,https://www.journal-of-hepatology.eu/article/S0168-8278(23)00023-5/fulltext#supplementary-material,
imm,,,GSE246613,https://www.ncbi.nlm.nih.gov/geo/query/acc.cgi?acc=GSE246613,scRNA/scTCR/scBCR,10x,h5ad,F,CD45+/CD45-,breast,tumor,tnbc,34,514k,loc,PD1+chemo,none,pre/on,paired,none,pCR,T,,,https://www.cell.com/cancer-cell/fulltext/S1535-6108(23)00440-3?_returnURL=https%3A%2F%2Flinkinghub.elsevier.com%2Fretrieve%2Fpii%2FS1535610823004403%3Fshowall%3Dtrue,
imm,,,GSE206325,https://www.ncbi.nlm.nih.gov/geo/query/acc.cgi?acc=GSE206325,scRNA/scTCR,10X,rdata,F,CD45+,liver,tumor,hcc,20,918k,loc,PD1/PDL1,none,pre/post,paired,none,patho,T,,,https://pmc.ncbi.nlm.nih.gov/articles/PMC11027932/#S1,
imm,,,GSE161801,https://www.ncbi.nlm.nih.gov/geo/query/acc.cgi?acc=GSE161801,scRNA,10X,txt,F,BME/Mye/Plasma,bone marrow,tumor,RRMM,20,210k,loc,chemo/target,none,pre/post,paired,none,IMWG,T,,,https://pmc.ncbi.nlm.nih.gov/articles/PMC8630108/#sec28,
imm,,,GSE176021,https://www.ncbi.nlm.nih.gov/geo/query/acc.cgi?acc=GSE176021,scRNA/scTCR,10x,txt,F,CD3+,lung,tumor/tdln/adj/pbmc,nsclc,16,560k,loc/meta,PD1,none,pre/post,paired,none,MPR/non-MPR,t,,,https://pmc.ncbi.nlm.nih.gov/articles/PMC8338555/,very long term
imm,,,GSE229772,https://www.ncbi.nlm.nih.gov/geo/query/acc.cgi?acc=GSE229772,scRNA,10X,TXT,T,whole,liver,tumor,hcc/icc,11,57k,loc,PD1/CTLA4/PDL1+CTLA4,none,pre/post/long-post,paired,none,none,T,,,https://pmc.ncbi.nlm.nih.gov/articles/PMC10897542/,multi-regional
imm,y,y,GSE189903,https://www.ncbi.nlm.nih.gov/geo/query/acc.cgi?acc=GSE189903,scRNA,10x,txt,F,whole,liver,tumor/adj,hcc/icc,4,112k,loc,none,none,pre,none,none,none,T,,,https://pmc.ncbi.nlm.nih.gov/articles/PMC9729309/,
combo,y,n,bi_2021_rcc,https://singlecell.broadinstitute.org/single_cell/study/SCP1288/tumor-and-immune-reprogramming-during-immunotherapy-in-advanced-renal-cell-carcinoma#study-download,scRNA,10x,txt,F,whole,kidney,tumor,rcc,8,34k,loc/meta,PD1/PD1+TKI/non,none,post,none,none,PR/PD/SD/NE,T,,,https://pmc.ncbi.nlm.nih.gov/articles/PMC8115394/,
combo,,,GSE200996,https://www.ncbi.nlm.nih.gov/geo/query/acc.cgi?acc=GSE200996,scRNA/bulkTCR,10x,h5/txt,F,CD45+,head_neck,tumor/pbmc,hnscc,29,220k,loc,PD1/PD1+CTLA4,none,pre/post,paired,none,Vol/Path,T,,,https://pmc.ncbi.nlm.nih.gov/articles/PMC9508682/#SM1,
combo,,,GSE207422,https://www.ncbi.nlm.nih.gov/geo/query/acc.cgi?acc=GSE207422,scRNA,10x,txt,F,whole,lung,tumor,nsclc,15,92k,loc,PD1+chemo,none,pre/post,unpaired,none,Patho/RECIST,F,,,https://pmc.ncbi.nlm.nih.gov/articles/PMC9985263/#MOESM2,
combo,,,GSE207422,https://www.ncbi.nlm.nih.gov/geo/query/acc.cgi?acc=GSE207422,bulkRNA,,txt,T,whole,lung,tumor,nsclc,21,none,loc,PD1+chemo,none,pre,none,none,Patho/RECIST,none,,,https://pmc.ncbi.nlm.nih.gov/articles/PMC9985263/#MOESM2,
combo,,,GSE225063,https://www.ncbi.nlm.nih.gov/geo/query/acc.cgi?acc=GSE225063,scRNA/scTCR,10x,tar,F,CD45+,skin,tumor/pbmc,melanoma,39,290K,loc,PD1/LAG3/PD1+LAG3,none,pre/post/long,paired,none,none,none,,,https://pmc.ncbi.nlm.nih.gov/articles/PMC11346583/,
combo,,,GSE232240,https://www.ncbi.nlm.nih.gov/geo/query/acc.cgi?acc=GSE232240,scRNA/scTCR,10x,txt,F,CD45+,head_neck,tumor,hnscc,19,32k,loc,PD1/PD1+CTLA4,none,pre/post,paired,none,Patho/RECIST,T,,,https://pmc.ncbi.nlm.nih.gov/articles/PMC10551666/#sec2,
combo,,,GSE235863,https://www.ncbi.nlm.nih.gov/geo/query/acc.cgi?acc=GSE235863,scRNA/scTCR,10x,h5ad,F,CD45+,liver,tumor,hcc,9,191k,loc,PD1+TKI,none,pre/post,paired,none,mRECIST,F,,,https://www.cell.com/cancer-cell/fulltext/S1535-6108(25)00019-4?_returnURL=https%3A%2F%2Flinkinghub.elsevier.com%2Fretrieve%2Fpii%2FS1535610825000194%3Fshowall%3Dtrue,
combo,,,GSE235863,https://www.ncbi.nlm.nih.gov/geo/query/acc.cgi?acc=GSE235863,scRNA/scTCR,10x,h5ad,F,HBV-specific CD8,liver,tumor,hcc,5,95k,loc,PD1+TKI,none,post,none,none,mRECIST,F,,,https://www.cell.com/cancer-cell/fulltext/S1535-6108(25)00019-4?_returnURL=https%3A%2F%2Flinkinghub.elsevier.com%2Fretrieve%2Fpii%2FS1535610825000194%3Fshowall%3Dtrue,
combo,,,GSE235863,https://www.ncbi.nlm.nih.gov/geo/query/acc.cgi?acc=GSE235863,bulkRNA,,txt,F,whole,liver,tumor,hcc,15,none,loc,PD1+TKI,none,post,none,none,mRECIST,none,,,https://www.cell.com/cancer-cell/fulltext/S1535-6108(25)00019-4?_returnURL=https%3A%2F%2Flinkinghub.elsevier.com%2Fretrieve%2Fpii%2FS1535610825000194%3Fshowall%3Dtrue,miss TCR and ADT
combo,,,GSE288199,https://www.ncbi.nlm.nih.gov/geo/query/acc.cgi?acc=GSE288199,scRNA,10x,txt,F,CD45+CD3+,head_neck,tumor,hnscc,35,372k,loc,PD1/PD1+CTLA4/PD1+LAG3,none,pre/post,paired,plot,RECIST,none,,,https://www.cell.com/cancer-cell/fulltext/S1535-6108(25)00078-9?_returnURL=https%3A%2F%2Flinkinghub.elsevier.com%2Fretrieve%2Fpii%2FS1535610825000789%3Fshowall%3Dtrue,
combo,,,krishna_2021_rcc,https://trace.ncbi.nlm.nih.gov/Traces/index.html?view=analysis&acc=SRZ190804,scRNA/scTCR,10x,rds,F,whole,kidney,tumor,rcc,6,167k,loc,PD1/PD1+CTLA4,none,pre/post,unpaired,none,Patho,T,,,https://pmc.ncbi.nlm.nih.gov/articles/PMC8268947/#S9,
imm,,,checkmate,https://pubmed.ncbi.nlm.nih.gov/32472114/,bulkRNA,,xlsx,T,whole,kidney,tumor/pbmc,rcc,311,none,loc/meta,PD1/Everolimus ,anti-angio/non,pre,none,os/pfs,CB/ICB/NCB,none,,,https://pmc.ncbi.nlm.nih.gov/articles/PMC7499153/#S8,
combo,y,n,GSE115821,https://www.ncbi.nlm.nih.gov/geo/query/acc.cgi?acc=GSE115821,bulkRNA,,txt,F,whole,skin,tumor,melanoma,37,none,loc/meta,PD1/CTLA4/PD1+CTLA4,none,pre/post,paired,none,RECIST,none,,,https://pmc.ncbi.nlm.nih.gov/articles/PMC6693632/#SD1,
combo,y,n,GSE115978,https://www.ncbi.nlm.nih.gov/geo/query/acc.cgi?acc=GSE115978,scRNA,ss2,txt,F,whole,skin,tumor,melanoma,33,7k,loc,PD1+CTLA4/CTLA4,none,pre/post,unpaired,none,none,T,,,https://pmc.ncbi.nlm.nih.gov/articles/PMC6410377/#SM1,
combo,y,n,GSE120575,https://www.ncbi.nlm.nih.gov/geo/query/acc.cgi?acc=GSE120575,scRNA,ss2,txt,T,CD45+,skin,tumor,melanoma,48,16k,loc,PD1/CTLA4/PD1+CTLA4,none,pre/post,paired,none,RECIST,F,,,https://pmc.ncbi.nlm.nih.gov/articles/PMC6641984/,
imm,,,GSE140228,https://www.ncbi.nlm.nih.gov/geo/query/acc.cgi?acc=GSE140228,scRNA,10x/ss2,txt,F,CD45+,liver,tumor/adj/ln/pbmc/ascites,hcc,16,77k,loc,none,none,pre,none,none,none,T,,,https://www.cell.com/cell/fulltext/S0092-8674(19)31119-5?_returnURL=https%3A%2F%2Flinkinghub.elsevier.com%2Fretrieve%2Fpii%2FS0092867419311195%3Fshowall%3Dtrue,
imm,,,GSE123813,https://www.ncbi.nlm.nih.gov/geo/query/acc.cgi?acc=GSE123813,scRNA/scTCR,10x,txt,F,whole,unknown,tumor,bcc,11,53K,loc,PD1,chemo/radio,pre/post,paired,none,RECIST,T,,,https://pmc.ncbi.nlm.nih.gov/articles/PMC6689255/,
imm,,,GSE123813,https://www.ncbi.nlm.nih.gov/geo/query/acc.cgi?acc=GSE123813,scRNA/scTCR,10x,txt,F,whole,unknown,tumor,scc,4,26K,loc,PD1,chemo/radio,pre/post,paired,none,RECIST,T,,,https://pmc.ncbi.nlm.nih.gov/articles/PMC6689255/,
imm,,,GSE149614,https://www.ncbi.nlm.nih.gov/geo/query/acc.cgi?acc=GSE149614,scRNA,10x,txt,F,whole,liver,tumor/adj/mln,hcc,10,70k,loc/meta,none,none,pre,none,none,none,T,,,https://pmc.ncbi.nlm.nih.gov/articles/PMC9357016,
imm,,,GSE179994,https://www.ncbi.nlm.nih.gov/geo/query/acc.cgi?acc=GSE179994,scRNA/scTCR,10x,txt,F,T,lung,tumor,nsclc,36,135k,loc/meta,none/PD1+PT+PTX,none,pre/post,paired,none,RECIST,T,,,https://www.nature.com/articles/s43018-021-00292-8,
imm,,,GSE179994,https://www.ncbi.nlm.nih.gov/geo/query/acc.cgi?acc=GSE179994,bulkTCR,,txt,F,none,lung,pbmc,nsclc,4,none,loc,PD1+PT+PTX,none,pre/post,paired,none,RECIST,none,,,https://www.nature.com/articles/s43018-021-00292-8,
imm,,,GSE243013,https://www.ncbi.nlm.nih.gov/geo/query/acc.cgi?acc=GSE243013,scRNA/scTCR,10x,txt,F,CD45+,lung,tumor,nsclc,234,1254K,loc,PD1/PD1+PT+PTX,none,post,none,rfs,patho,T,,,https://www.cell.com/cell/fulltext/S0092-8674(25)00291-0?_returnURL=https%3A%2F%2Flinkinghub.elsevier.com%2Fretrieve%2Fpii%2FS0092867425002910%3Fshowall%3Dtrue#fig7,
imm,,,IMvigor210,http://research-pub.gene.com/IMvigor210CoreBiologies/,bulkRNA,,rdata,F,none,unknown,tumor,metastatic urothelial cancer,200,none,meta,PD1/PD1+PT,none,pre,none,os,RECIST,none,,,https://www.nature.com/articles/nature25501,"scTCR unreleased, data uncomplete"
combo,,,lambrecht_hnscc,https://lambrechtslab.sites.vib.be/en/hnscc,scRNA,10x,txt,F,whole,unknown,tumor/adj/tdln/pbmc,hnscc,20,70k,meta,PD1/PD1+CTLA4,none,pre/post,paired,none,MRI,T,,,https://www.cell.com/immunity/fulltext/S1074-7613(24)00083-9?_returnURL=https%3A%2F%2Flinkinghub.elsevier.com%2Fretrieve%2Fpii%2FS1074761324000839%3Fshowall%3Dtrue,
combo,,,lambrecht_brca,https://lambrechtslab.sites.vib.be/en/single-cell,scRNA/scTCR,10X,rds/txt,F,whole,breat,tumor,tnbc,40,225k,loc,PD1/PD1+chemo,none,pre/post,paired,none,Expansion,T,,,https://www.nature.com/articles/s41591-021-01323-8#MOESM1,
combo,,,lambrecht_hcc,https://lambrechtslab.sites.vib.be/en/aHCC,scRNA,10x,txt,F,whole,liver,tumor,hcc,38,97k,loc,PD1+VEGF/PD1+TKI/PD1/TKI,none,pre,none,pfs,RECIST,T,,,https://www.nature.com/articles/s41467-023-43381-1#Sec31,
combo,,,lambrecht_hcc,https://lambrechtslab.sites.vib.be/en/aHCC,scRNA,10x,txt,F,whole,pbmc,tumor,hcc,38,268k,loc,PD1+VEGF/PD1+TKI/PD1/TKI,none,pre/post,paired,pfs,RECIST,T,,,https://www.nature.com/articles/s41467-023-43381-1#Sec31,
combo,,,GSE272993,https://www.ncbi.nlm.nih.gov/geo/query/acc.cgi?acc=GSE272993,scRNA/scTCR,10x,srt,F,non-na?ve CD8,pbmc,pbmc,melanoma,36,273k,loc,PD1/CTLA4/PD1+CTLA4,gamma/chemo/ICB,pre/multi-post,paired,none,clinical,T,,,https://pmc.ncbi.nlm.nih.gov/articles/PMC11387127,
combo,,,IMbrave150,inhouse,bulkRNA,,txt,T,none,liver,tumor,hcc,150,,loc,PD1+VEGF/TKI,none,pre,none,pfs/os,RECIST,none,,,inhouse,
imm,,,GSE272734,https://www.ncbi.nlm.nih.gov/geo/query/acc.cgi?acc=GSE272734,scRNA/scTCR,10x,txt,F,CD8,pbmc,pbmc,melanoma,4,83k,loc,PD1,none,pre/multi-post,paired,none,none,T,,,https://pmc.ncbi.nlm.nih.gov/articles/PMC11387127,
imm,,,GSE273718,https://www.ncbi.nlm.nih.gov/geo/query/acc.cgi?acc=GSE273718,scRNA,10x,txt,F,CD4+CD8/CD45,pbmc/skin,pbmc/tumor,melanoma,3,?,loc,none,none,pre,none,none,none,F,,,https://pmc.ncbi.nlm.nih.gov/articles/PMC11387127,
imm,,,GSE272735,https://www.ncbi.nlm.nih.gov/geo/query/acc.cgi?acc=GSE272735,scRNA/scTCR,10x,txt,F,CD8,pbmc,pbmc,health,2,?,loc,none,none,pre/post,paired,none,none,F,,,https://pmc.ncbi.nlm.nih.gov/articles/PMC11387127,
db,,,l1000,https://clue.io/data/CMap2020#LINCS2020,gctx,,gctx,,,,,,,,,,,,,,,,,,CMAP LINCS 2020,
lr_interaction,,,cellphonedb0-data,https://github.com/ventolab/cellphonedb-data,,,txt,,,,,,,,,,,,,,,,,,,
lr_interaction,,,OmnipathR,https://github.com/saezlab/OmnipathR,package,,,,,,,,,,,,,,,,,,,,,
lr_interaction,,,nichenetr,https://github.com/saeyslab/nichenetr,package,,,,,,,,,,,,,,,,,,,,,
norm,,,hca_cross_tissue_imm,https://explore.data.humancellatlas.org/projects/04e4292c-f62f-4098-ae9b-fd69ae002a90/project-matrices,scRNA/scTCR/scBCR,10x,h5ad,F,PTPRC expressed,multi,multi,health,12,330k,loc,none,none,pre,none,none,none,T,,,https://www.science.org/doi/10.1126/science.abl5197,
pathway,,,go-basic.obo,,,,,,,,,,,,,,,,,,,,,,,
pathway,,,go_bp_full.json,,,,,,,,,,,,,,,,,,,,,,,
pathway,,,hallmark,,,,,,,,,,,,,,,,,,,,,,,
perturb_seq,,,GSE90063,https://www.ncbi.nlm.nih.gov/geo/query/acc.cgi?acc=GSE90063,scPerturb-CRISPR,,txt,F,bone-marrow derived dendritic cells(mm),,,,,70k,,,,,,,,,,24,https://pmc.ncbi.nlm.nih.gov/articles/PMC5181115/#SM,
perturb_seq,,,GSE90063,https://www.ncbi.nlm.nih.gov/geo/query/acc.cgi?acc=GSE90063,scPerturb-CRISPR,,txt,F,K562,,,,,104K,,,,,,,,,,14,https://pmc.ncbi.nlm.nih.gov/articles/PMC5181115/#SM,
perturb_seq,,,GSE90063,https://www.ncbi.nlm.nih.gov/geo/query/acc.cgi?acc=GSE90063,scPerturb-CRISPR,,txt,F,K562,,,,,26k,,,,,,,,,,10,https://pmc.ncbi.nlm.nih.gov/articles/PMC5181115/#SM,
perturb_seq,,,GSE133344,https://www.ncbi.nlm.nih.gov/geo/query/acc.cgi?acc=GSE133344,scPerturb-CRISPR,,txt,F,K562,,,,,110k,,,,,,,,,,287,https://pmc.ncbi.nlm.nih.gov/articles/PMC6746554/#S8,
perturb_seq,,,GSE193736,https://www.ncbi.nlm.nih.gov/geo/query/acc.cgi?acc=GSE193736,scPerturb-OverCITE/scTCR/scADT,,txt,F,T,,,,,,,,,,,,,,,42,https://pmc.ncbi.nlm.nih.gov/articles/PMC9908437/,
perturb_seq,,,GSE306429,https://www.ncbi.nlm.nih.gov/geo/query/acc.cgi?acc=GSE306429,scPerturb/scADT,,h5ad/txt,F,A549/A375/H1AE/HEK293T/HEP2G/PC3/CD8/CD34/PAD/HBEC,,,,,1260K,,,,,,,,,,104,https://www.science.org/doi/10.1126/science.adi8577,
perturb_seq,,,Xatlas,https://huggingface.co/datasets/Xaira-Therapeutics/X-Atlas-Orion,scPerturb,,custom,F,HCT116/HEK293T,,,,,8000k,,,,,,,,,,20000,https://www.biorxiv.org/content/10.1101/2025.06.11.659105v1.full,
pub,,,gtex,https://www.gtexportal.org/home/downloads/adult-gtex/overview,bulkRNA,,gct,F,none,multi,,,,,,none,none,pre,none,none,none,F,,,https://www.gtexportal.org/home/downloads/adult-gtex/bulk_tissue_expression,
pub,,,gtex,https://www.gtexportal.org/home/downloads/adult-gtex/overview,snRNA,,h5ad,F,immune,multi,,,,,,none,none,pre,none,none,none,F,,,https://www.gtexportal.org/home/downloads/adult-gtex/bulk_tissue_expression,
pub,,,tcga,https://xenabrowser.net/datapages/?cohort=TCGA%20Pan-Cancer%20(PANCAN)&removeHub=https%3A%2F%2Fxena.treehouse.gi.ucsc.edu%3A443,bulkRNA,,txt,T,none,multi,tumor/adj,tumor,10000,,,none,chemo,pre,none,pfs/os,none,F,,,https://xenabrowser.net/datapages/?cohort=TCGA%20Pan-Cancer%20(PANCAN)&removeHub=https%3A%2F%2Fxena.treehouse.gi.ucsc.edu%3A443,
pub,,,icga,https://xenabrowser.net/datapages/?cohort=ICGC%20(donor%20centric)&removeHub=https%3A%2F%2Fxena.treehouse.gi.ucsc.edu%3A443,bulkRNA,,txt,T,none,multi,tumor,tumor,8000,,,none,chemo,pre,none,os,none,F,,,https://xenabrowser.net/datapages/?cohort=ICGC%20(donor%20centric)&removeHub=https%3A%2F%2Fxena.treehouse.gi.ucsc.edu%3A443,
