feature_id	feature_family	n_expression_units	n_study_families	median_coverage	leave_family_out_median_spearman	leave_family_out_ci_low	leave_family_out_ci_high	matched_null_ci_high	observed_coherence_ci_low	matched_null_permutation_high	observed_coherence_stability_low	technical_status	D2_class	D2_reason	n_patient_timepoints_x	abundance_equal_state_spearman	carrier_dependency_status	n_matched_contexts	n_ambient_units	n_reference_units	ambient_minus_other_median_native	ambient_minus_other_median_z	ambient_metric_scale	ambient_interpretation	ambient_status	n_patient_timepoints_y	n_cohorts	n_platforms	cohort_eta_squared	cohort_status	platform_eta_squared	platform_status	tissue_eta_squared_context_only	library_size_spearman	n_cells_spearman	residualization	status	method_agreement_median_spearman	method_agreement_ci_low	method_agreement_ci_high	method_agreement_status	technical_panel_median_spearman	technical_panel_ci_low	technical_panel_ci_high	n_technical_panel_comparisons	n_negative_technical_panel_comparisons	technical_panel_status	n_components	n_measurable_components	evidence_modality	D2_scope
FM01	legacy_fm	32821	39	0.9992175794034079	0.8095238095238096	0.7785714285714285	0.8389096502784891	0.9175155029018628	0.857965269700813	0.9175155029018628	0.857965269700813	valid	joint_representation_with_uncertainty	scoreable_but_stability_or_null_evidence_is_incomplete_or_overlapping	3752.0	0.936887320387095	CONCORDANT_WITH_RESIDUAL_COMPOSITION_RISK	1697.0	1697.0	13270.0	-0.11970539721685203		native_score	observed_low_quality_state_proxy_not_contamination_causality	OBSERVED_LOW_QUALITY_STATE_PROXY_AVAILABLE	1876.0	44.0	1.0	0.6707398802485735	COMPUTED_PATIENT_TIMEPOINT_EQUAL_WEIGHT		NOT_TESTABLE_SINGLE_PLATFORM	0.2160567205058525	0.09342104841139429	0.12426745381582499	global_cell_state_level_median_on_native_score	DIAGNOSTIC_NOT_AUTOMATICALLY_REGRESSED	0.9915688381646782	0.9871100605768692	0.9932003233535267	PASS	0.972639283086555	0.9049666096018418	0.9809875471261403	6.0	0.0	PASS_DIRECTIONAL_STABILITY			scRNA	scRNA_measurement_only
FM02	legacy_fm	32821	39	0.9953186002554361	0.8017202054626017	0.7175630443516366	0.8549450549450549	0.8583353740860448	0.790585040941688	0.8583353740860448	0.790585040941688	valid	joint_representation_with_uncertainty	scoreable_but_stability_or_null_evidence_is_incomplete_or_overlapping	3752.0	0.8630166988583229	CONCORDANT_WITH_RESIDUAL_COMPOSITION_RISK	1697.0	1697.0	13270.0	-0.34537384939777116		native_score	observed_low_quality_state_proxy_not_contamination_causality	OBSERVED_LOW_QUALITY_STATE_PROXY_AVAILABLE	1876.0	44.0	1.0	0.8305714775724639	COMPUTED_PATIENT_TIMEPOINT_EQUAL_WEIGHT		NOT_TESTABLE_SINGLE_PLATFORM	0.062230903960118725	0.18555866121285514	0.18973875267149562	global_cell_state_level_median_on_native_score	DIAGNOSTIC_NOT_AUTOMATICALLY_REGRESSED	0.9981917600350578	0.9973050961070407	0.9986263736263734	PASS	0.9374117890690944	0.7110736239343343	0.9588880432911084	6.0	0.0	PASS_DIRECTIONAL_STABILITY			scRNA	scRNA_measurement_only
FM03	legacy_fm	32821	39	0.9965402688535437	0.8513519937883076	0.7380952380952381	0.9047619047619048	0.8738942748850067	0.5222574329181693	0.8738942748850067	0.5222574329181693	valid	joint_representation_with_uncertainty	scoreable_but_stability_or_null_evidence_is_incomplete_or_overlapping	3752.0	0.8706650751485184	CONCORDANT_WITH_RESIDUAL_COMPOSITION_RISK	1697.0	1697.0	13270.0	-0.30489257146086857		native_score	observed_low_quality_state_proxy_not_contamination_causality	OBSERVED_LOW_QUALITY_STATE_PROXY_AVAILABLE	1876.0	44.0	1.0	0.8115027115885071	COMPUTED_PATIENT_TIMEPOINT_EQUAL_WEIGHT		NOT_TESTABLE_SINGLE_PLATFORM	0.057042592043968804	0.14146939421292873	0.1473810011723782	global_cell_state_level_median_on_native_score	DIAGNOSTIC_NOT_AUTOMATICALLY_REGRESSED	0.9979421384339774	0.9970829827074309	0.999105494056116	PASS	0.9495217175588994	0.640567409837665	0.9693223599717242	6.0	0.0	PASS_DIRECTIONAL_STABILITY			scRNA	scRNA_measurement_only
FM04	legacy_fm	32821	39	0.9875799921926702	0.8821428571428571	0.7999999999999999	0.9139892367273748	0.8916293096898251	0.7863686242306996	0.8916293096898251	0.7863686242306996	valid	joint_representation_with_uncertainty	scoreable_but_stability_or_null_evidence_is_incomplete_or_overlapping	3752.0	0.8766346538481777	CONCORDANT_WITH_RESIDUAL_COMPOSITION_RISK	1697.0	1697.0	13270.0	-0.161991499134313		native_score	observed_low_quality_state_proxy_not_contamination_causality	OBSERVED_LOW_QUALITY_STATE_PROXY_AVAILABLE	1876.0	44.0	1.0	0.7349045413380918	COMPUTED_PATIENT_TIMEPOINT_EQUAL_WEIGHT		NOT_TESTABLE_SINGLE_PLATFORM	0.0867583429341136	0.08780426784092842	0.09738848536525611	global_cell_state_level_median_on_native_score	DIAGNOSTIC_NOT_AUTOMATICALLY_REGRESSED	0.989429175475687	0.9846469543979637	0.9907608612004464	PASS	0.9503939065052819	0.9194425302777134	0.9665214998459162	6.0	0.0	PASS_DIRECTIONAL_STABILITY			scRNA	scRNA_measurement_only
FM05	legacy_fm	32821	39	0.9916375980083038	0.8225408815112774	0.7846153846153847	0.9009287925696594	0.9220852425816934	0.9348753996271122	0.9220852425816934	0.9348753996271122	valid	measurable	positive_study_family_outer_stability_with_technical_route_concordance_and_null_separation	3752.0	0.829448427389475	CONCORDANT_WITH_RESIDUAL_COMPOSITION_RISK	1697.0	1697.0	13270.0	-0.2819804742368186		native_score	observed_low_quality_state_proxy_not_contamination_causality	OBSERVED_LOW_QUALITY_STATE_PROXY_AVAILABLE	1876.0	44.0	1.0	0.7201606284825005	COMPUTED_PATIENT_TIMEPOINT_EQUAL_WEIGHT		NOT_TESTABLE_SINGLE_PLATFORM	0.06611180245797468	-0.08956233683537282	-0.012770202000850201	global_cell_state_level_median_on_native_score	DIAGNOSTIC_NOT_AUTOMATICALLY_REGRESSED	0.9928358933883794	0.9904339024573167	0.9940478225753971	PASS	0.9577378785564631	0.9305700211986623	0.9818429753699875	6.0	0.0	PASS_DIRECTIONAL_STABILITY			scRNA	scRNA_measurement_only
FM06	legacy_fm	32821	39	0.8462023840174258	0.8531884383945099	0.7999999999999999	0.8952569169960475					valid	joint_representation_with_uncertainty	scoreable_but_stability_or_null_evidence_is_incomplete_or_overlapping	3752.0	0.9024895327177601	CONCORDANT_WITH_RESIDUAL_COMPOSITION_RISK	1697.0	1697.0	13270.0	-0.2241036508659322		native_score	observed_low_quality_state_proxy_not_contamination_causality	OBSERVED_LOW_QUALITY_STATE_PROXY_AVAILABLE	1876.0	44.0	1.0	0.832082347539831	COMPUTED_PATIENT_TIMEPOINT_EQUAL_WEIGHT		NOT_TESTABLE_SINGLE_PLATFORM	0.08121073582061668	0.18174086010756807	0.1600785690882127	global_cell_state_level_median_on_native_score	DIAGNOSTIC_NOT_AUTOMATICALLY_REGRESSED	0.995042077694906	0.9934579628541915	0.9965596098192782	PASS	0.9420854046535151	0.5627138954275469	0.9773072022053153	6.0	0.0	PASS_DIRECTIONAL_STABILITY			scRNA	scRNA_measurement_only
FM07	legacy_fm	32821	39	0.9991586122902992	0.8788928409417374	0.8210579352104755	0.9159664984617769	0.6307149307118185	0.6159545024167579	0.6307149307118185	0.6159545024167579	valid	joint_representation_with_uncertainty	scoreable_but_stability_or_null_evidence_is_incomplete_or_overlapping	3752.0	0.8902726525142657	CONCORDANT_WITH_RESIDUAL_COMPOSITION_RISK	1697.0	1697.0	13270.0	-0.12710318143850596		native_score	observed_low_quality_state_proxy_not_contamination_causality	OBSERVED_LOW_QUALITY_STATE_PROXY_AVAILABLE	1876.0	44.0	1.0	0.7723585975086263	COMPUTED_PATIENT_TIMEPOINT_EQUAL_WEIGHT		NOT_TESTABLE_SINGLE_PLATFORM	0.07173225638621718	0.1719766396630575	0.17851538659406782	global_cell_state_level_median_on_native_score	DIAGNOSTIC_NOT_AUTOMATICALLY_REGRESSED	0.994247868268082	0.9885683446959932	0.9951163145062984	PASS	0.917692330860687	0.702217926357771	0.9486021562241619	6.0	0.0	PASS_DIRECTIONAL_STABILITY			scRNA	scRNA_measurement_only
FM08	legacy_fm	32821	39	0.917333209150945	0.8929542918115057	0.8266996544345723	0.907142857142857	0.9390692048954687	0.9535191441112353	0.9390692048954687	0.9535191441112353	valid	measurable	positive_study_family_outer_stability_with_technical_route_concordance_and_null_separation	3752.0	0.8745496792679733	CONCORDANT_WITH_RESIDUAL_COMPOSITION_RISK	1697.0	1697.0	13270.0	-0.25225018301161395		native_score	observed_low_quality_state_proxy_not_contamination_causality	OBSERVED_LOW_QUALITY_STATE_PROXY_AVAILABLE	1876.0	44.0	1.0	0.6788554715582963	COMPUTED_PATIENT_TIMEPOINT_EQUAL_WEIGHT		NOT_TESTABLE_SINGLE_PLATFORM	0.08187356694047805	-0.05432621099523019	0.006624028248800492	global_cell_state_level_median_on_native_score	DIAGNOSTIC_NOT_AUTOMATICALLY_REGRESSED	0.9887565643930006	0.9871608384062946	0.9914503139864959	PASS	0.9592031768005	0.9485708076716787	0.9806997922726294	6.0	0.0	PASS_DIRECTIONAL_STABILITY			scRNA	scRNA_measurement_only
axis__angiogenesis_endothelial	mechanism_axis	32821	39	1.0								valid	joint_representation_with_uncertainty	vector_components_have_mixed_measurement_evidence																																		3.0	0.0	scRNA	scRNA_measurement_only
axis__apc_ifn_apm	mechanism_axis	32821	39	0.9973190348525469								valid	joint_representation_with_uncertainty	vector_components_have_mixed_measurement_evidence																																		9.0	1.0	scRNA	scRNA_measurement_only
axis__caf_ecm	mechanism_axis	32821	39	1.0								valid	joint_representation_with_uncertainty	vector_components_have_mixed_measurement_evidence																																		3.0	0.0	scRNA	scRNA_measurement_only
axis__cytotoxic_t_nk	mechanism_axis	32821	39	1.0								valid	joint_representation_with_uncertainty	vector_components_have_mixed_measurement_evidence																																		3.0	2.0	scRNA	scRNA_measurement_only
axis__exhaustion	mechanism_axis	32821	39	1.0								valid	joint_representation_with_uncertainty	vector_components_have_mixed_measurement_evidence																																		3.0	0.0	scRNA	scRNA_measurement_only
axis__hypoxia	mechanism_axis	32821	39	1.0								valid	joint_representation_with_uncertainty	vector_components_have_mixed_measurement_evidence																																		2.0	0.0	scRNA	scRNA_measurement_only
axis__neutrophil_tan_net	mechanism_axis	32821	39	0.9947698744769875								valid	joint_representation_with_uncertainty	vector_components_have_mixed_measurement_evidence																																		2.0	1.0	scRNA	scRNA_measurement_only
axis__suppressive_myeloid	mechanism_axis	32821	39	1.0								valid	measurable	all_explicit_components_measurable																																		1.0	1.0	scRNA	scRNA_measurement_only
axis__tls_b	mechanism_axis	32821	39	0.8300653594771241								valid	joint_representation_with_uncertainty	vector_components_have_mixed_measurement_evidence																																		2.0	0.0	scRNA	scRNA_measurement_only
axis__wnt_beta_catenin	mechanism_axis	32821	39	1.0								valid	joint_representation_with_uncertainty	vector_components_have_mixed_measurement_evidence																																		3.0	0.0	scRNA	scRNA_measurement_only
mechanism__angiogenesis_endothelial__curated_angiogenesis	mechanism_component	32821	39	1.0	0.8156204654408697	0.680672352067926	0.8702520359694378	0.7412216462006932	0.5379499751456934	0.7412216462006932	0.5379499751456934	valid	joint_representation_with_uncertainty	scoreable_but_stability_or_null_evidence_is_incomplete_or_overlapping	3752.0	0.7766713472213832	CONCORDANT_WITH_RESIDUAL_COMPOSITION_RISK	1697.0	1697.0	13270.0	-0.11583014074079045		native_score	observed_low_quality_state_proxy_not_contamination_causality	OBSERVED_LOW_QUALITY_STATE_PROXY_AVAILABLE	1876.0	44.0	1.0	0.7242980828940263	COMPUTED_PATIENT_TIMEPOINT_EQUAL_WEIGHT		NOT_TESTABLE_SINGLE_PLATFORM	0.07062310911582555	0.33936039452914135	0.3043895929063965	global_cell_state_level_median_on_native_score	DIAGNOSTIC_NOT_AUTOMATICALLY_REGRESSED	0.8493050376541667	0.7856647807643068	0.863612989573922	PASS	0.7884012358074515	0.5766414101381919	0.8801623418708726	6.0	0.0	PASS_DIRECTIONAL_STABILITY			scRNA	scRNA_measurement_only
mechanism__angiogenesis_endothelial__hallmark_angiogenesis	mechanism_component	32821	39	1.0	0.8095238095238096	0.7243510728149811	0.8726823505245336	0.9080935302781464	0.7816623976457799	0.9080935302781464	0.7816623976457799	valid	joint_representation_with_uncertainty	scoreable_but_stability_or_null_evidence_is_incomplete_or_overlapping	3752.0	0.8654327515218326	CONCORDANT_WITH_RESIDUAL_COMPOSITION_RISK	1697.0	1697.0	13270.0	0.041288460089605517		native_score	observed_low_quality_state_proxy_not_contamination_causality	OBSERVED_LOW_QUALITY_STATE_PROXY_AVAILABLE	1876.0	44.0	1.0	0.7672007655568847	COMPUTED_PATIENT_TIMEPOINT_EQUAL_WEIGHT		NOT_TESTABLE_SINGLE_PLATFORM	0.09258192587715382	0.3009370043106968	0.2985369999911156	global_cell_state_level_median_on_native_score	DIAGNOSTIC_NOT_AUTOMATICALLY_REGRESSED	0.8379552269208084	0.7754772134469139	0.900302848603436	PASS	0.7947052825175143	0.7426506525848221	0.8599058904243301	6.0	0.0	PASS_DIRECTIONAL_STABILITY			scRNA	scRNA_measurement_only
mechanism__angiogenesis_endothelial__reactome_vegf	mechanism_component	32821	39	1.0	0.7414731504007909	0.6190476190476191	0.7857142857142858	0.9708455583674759	0.840531504059101	0.9708455583674759	0.840531504059101	valid	joint_representation_with_uncertainty	scoreable_but_stability_or_null_evidence_is_incomplete_or_overlapping	3752.0	0.6709709845981853	CONCORDANT_WITH_RESIDUAL_COMPOSITION_RISK	1697.0	1697.0	13270.0	0.04692961297418874		native_score	observed_low_quality_state_proxy_not_contamination_causality	OBSERVED_LOW_QUALITY_STATE_PROXY_AVAILABLE	1876.0	44.0	1.0	0.5927396005202203	COMPUTED_PATIENT_TIMEPOINT_EQUAL_WEIGHT		NOT_TESTABLE_SINGLE_PLATFORM	0.0438375920980203	0.47112069287179625	0.48183280017581764	global_cell_state_level_median_on_native_score	DIAGNOSTIC_NOT_AUTOMATICALLY_REGRESSED	0.8624493018991157	0.8322218145287582	0.8899032847740584	PASS	0.46887062284292047	0.07672993703195044	0.6506432258924557	6.0	1.0	PASS_DIRECTIONAL_STABILITY			scRNA	scRNA_measurement_only
mechanism__apc_ifn_apm__curated_antigen_presentation	mechanism_component	32821	39	1.0	0.8224974200206397	0.7157687478535633	0.875187969924812	0.8310715559010388	0.8818401769171874	0.8310715559010388	0.8818401769171874	valid	measurable	positive_study_family_outer_stability_with_technical_route_concordance_and_null_separation	3752.0	0.8320735565550695	CONCORDANT_WITH_RESIDUAL_COMPOSITION_RISK	1697.0	1697.0	13270.0	-0.510085392779926		native_score	observed_low_quality_state_proxy_not_contamination_causality	OBSERVED_LOW_QUALITY_STATE_PROXY_AVAILABLE	1876.0	44.0	1.0	0.6862731165224882	COMPUTED_PATIENT_TIMEPOINT_EQUAL_WEIGHT		NOT_TESTABLE_SINGLE_PLATFORM	0.0729241266869403	0.22635114350097188	0.24091426880669795	global_cell_state_level_median_on_native_score	DIAGNOSTIC_NOT_AUTOMATICALLY_REGRESSED	0.9705444491312016	0.9637773079633545	0.9785390604243762	PASS	0.8881201962495198	0.7502238050517739	0.9174369910494915	6.0	0.0	PASS_DIRECTIONAL_STABILITY			scRNA	scRNA_measurement_only
mechanism__apc_ifn_apm__curated_apc_dc_activation	mechanism_component	32821	39	1.0	0.7857142857142857	0.6347419188140273	0.8578492227535782	0.7015244533455056	0.4630495685962923	0.7015244533455056	0.4630495685962923	valid	joint_representation_with_uncertainty	scoreable_but_stability_or_null_evidence_is_incomplete_or_overlapping	3752.0	0.7843445264605389	CONCORDANT_WITH_RESIDUAL_COMPOSITION_RISK	1697.0	1697.0	13270.0	0.07610279599603187		native_score	observed_low_quality_state_proxy_not_contamination_causality	OBSERVED_LOW_QUALITY_STATE_PROXY_AVAILABLE	1876.0	44.0	1.0	0.6857678065912054	COMPUTED_PATIENT_TIMEPOINT_EQUAL_WEIGHT		NOT_TESTABLE_SINGLE_PLATFORM	0.0661444368380224	0.376301635892774	0.3664207290072686	global_cell_state_level_median_on_native_score	DIAGNOSTIC_NOT_AUTOMATICALLY_REGRESSED	0.8231217891222542	0.7869315903229279	0.869920440221447	PASS	0.717852427266441	0.4762832201095242	0.8518293821837972	6.0	0.0	PASS_DIRECTIONAL_STABILITY			scRNA	scRNA_measurement_only
mechanism__apc_ifn_apm__curated_ifn_response	mechanism_component	32821	39	1.0	0.5720642943665073	0.37126414119311024	0.6428571428571429	0.5924391636251499	-0.5329685928667072	0.5924391636251499	-0.5329685928667072	valid	joint_representation_with_uncertainty	scoreable_but_stability_or_null_evidence_is_incomplete_or_overlapping	3752.0	0.952845901880038	CONCORDANT_WITH_RESIDUAL_COMPOSITION_RISK	1697.0	1697.0	13270.0	-0.15742198066217994		native_score	observed_low_quality_state_proxy_not_contamination_causality	OBSERVED_LOW_QUALITY_STATE_PROXY_AVAILABLE	1876.0	44.0	1.0	0.40215385544846066	COMPUTED_PATIENT_TIMEPOINT_EQUAL_WEIGHT		NOT_TESTABLE_SINGLE_PLATFORM	0.17042959263236582	-0.0034382697753999477	-0.048692462745013085	global_cell_state_level_median_on_native_score	DIAGNOSTIC_NOT_AUTOMATICALLY_REGRESSED	0.864110653721694	0.8465288056836008	0.8886281341903884	PASS	0.790026824359594	0.7545493971827371	0.8449022699390285	6.0	0.0	PASS_DIRECTIONAL_STABILITY			scRNA	scRNA_measurement_only
mechanism__apc_ifn_apm__hallmark_ifn_alpha	mechanism_component	32821	39	1.0	0.6551298098838567	0.5609093326660242	0.7703309599688513	0.9739397023325951	0.8803603000052603	0.9739397023325951	0.8803603000052603	valid	joint_representation_with_uncertainty	scoreable_but_stability_or_null_evidence_is_incomplete_or_overlapping	3752.0	0.8213514814225825	CONCORDANT_WITH_RESIDUAL_COMPOSITION_RISK	1697.0	1697.0	13270.0	-0.039173489579087395		native_score	observed_low_quality_state_proxy_not_contamination_causality	OBSERVED_LOW_QUALITY_STATE_PROXY_AVAILABLE	1876.0	44.0	1.0	0.36763708208555274	COMPUTED_PATIENT_TIMEPOINT_EQUAL_WEIGHT		NOT_TESTABLE_SINGLE_PLATFORM	0.05579487312289081	0.42203428367678153	0.42137436676332807	global_cell_state_level_median_on_native_score	DIAGNOSTIC_NOT_AUTOMATICALLY_REGRESSED	0.8842105263157893	0.8597593833240257	0.9098495128916615	PASS	0.5979700088878099	0.47514148004899354	0.7661787744223967	6.0	0.0	PASS_DIRECTIONAL_STABILITY			scRNA	scRNA_measurement_only
mechanism__apc_ifn_apm__hallmark_ifn_gamma	mechanism_component	32821	39	0.99	0.7498765127719997	0.6347434655452883	0.7856613342682629	0.9849692279817882	0.8918227233674466	0.9849692279817882	0.8918227233674466	valid	joint_representation_with_uncertainty	scoreable_but_stability_or_null_evidence_is_incomplete_or_overlapping	3752.0	0.7877857126970428	CONCORDANT_WITH_RESIDUAL_COMPOSITION_RISK	1697.0	1697.0	13270.0	-0.044984572164830094		native_score	observed_low_quality_state_proxy_not_contamination_causality	OBSERVED_LOW_QUALITY_STATE_PROXY_AVAILABLE	1876.0	44.0	1.0	0.43845073330717366	COMPUTED_PATIENT_TIMEPOINT_EQUAL_WEIGHT		NOT_TESTABLE_SINGLE_PLATFORM	0.053948471977482676	0.4405050225830635	0.44886650791118776	global_cell_state_level_median_on_native_score	DIAGNOSTIC_NOT_AUTOMATICALLY_REGRESSED	0.8865677581912796	0.8752759605452375	0.9019690249206154	PASS	0.5392054222855237	0.39218950014252024	0.6921522029110035	6.0	0.0	PASS_DIRECTIONAL_STABILITY			scRNA	scRNA_measurement_only
mechanism__apc_ifn_apm__reactome_ifn_alpha_beta	mechanism_component	32821	39	0.9871794871794872	0.6403162055335968	0.5966860947240802	0.6868131868131868					valid	joint_representation_with_uncertainty	scoreable_but_stability_or_null_evidence_is_incomplete_or_overlapping	3752.0	0.893218044571939	CONCORDANT_WITH_RESIDUAL_COMPOSITION_RISK	1697.0	1697.0	13270.0	-0.021935668884367043		native_score	observed_low_quality_state_proxy_not_contamination_causality	OBSERVED_LOW_QUALITY_STATE_PROXY_AVAILABLE	1876.0	44.0	1.0	0.5481548465360991	COMPUTED_PATIENT_TIMEPOINT_EQUAL_WEIGHT		NOT_TESTABLE_SINGLE_PLATFORM	0.12675938396241845	0.29724128664623195	0.2952294933299367	global_cell_state_level_median_on_native_score	DIAGNOSTIC_NOT_AUTOMATICALLY_REGRESSED	0.8634994088989444	0.8330827067669171	0.8912313084626489	PASS	0.5086676867914218	0.3166569925630328	0.7285844045078592	6.0	0.0	PASS_DIRECTIONAL_STABILITY			scRNA	scRNA_measurement_only
mechanism__apc_ifn_apm__reactome_ifn_gamma	mechanism_component	32821	39	0.9591836734693877	0.7769607843137256	0.6464285714285712	0.8296703296703297	0.9611743849979837	0.7919344436197012	0.9611743849979837	0.7919344436197012	valid	joint_representation_with_uncertainty	scoreable_but_stability_or_null_evidence_is_incomplete_or_overlapping	3752.0	0.7856448234259319	CONCORDANT_WITH_RESIDUAL_COMPOSITION_RISK	1697.0	1697.0	13270.0	-0.07456158144473246		native_score	observed_low_quality_state_proxy_not_contamination_causality	OBSERVED_LOW_QUALITY_STATE_PROXY_AVAILABLE	1876.0	44.0	1.0	0.5068695398161597	COMPUTED_PATIENT_TIMEPOINT_EQUAL_WEIGHT		NOT_TESTABLE_SINGLE_PLATFORM	0.05855526456387061	0.4185923266813128	0.4200985606862694	global_cell_state_level_median_on_native_score	DIAGNOSTIC_NOT_AUTOMATICALLY_REGRESSED	0.8750915750915751	0.8593856096430439	0.893700112838404	PASS	0.6450036867696719	0.4711257158404809	0.7575351283721727	6.0	0.0	PASS_DIRECTIONAL_STABILITY			scRNA	scRNA_measurement_only
mechanism__apc_ifn_apm__reactome_mhc_i	mechanism_component	32821	39	0.9973190348525469	0.6900643453063359	0.6190476190476191	0.7678571428571428					valid	joint_representation_with_uncertainty	scoreable_but_stability_or_null_evidence_is_incomplete_or_overlapping	3752.0	0.6917385312795841	CONCORDANT_WITH_RESIDUAL_COMPOSITION_RISK	1697.0	1697.0	13270.0	0.01911353899283874		native_score	observed_low_quality_state_proxy_not_contamination_causality	OBSERVED_LOW_QUALITY_STATE_PROXY_AVAILABLE	1876.0	44.0	1.0	0.45995537043801205	COMPUTED_PATIENT_TIMEPOINT_EQUAL_WEIGHT		NOT_TESTABLE_SINGLE_PLATFORM	0.052484099842481244	0.5128897415052758	0.5198667584648731	global_cell_state_level_median_on_native_score	DIAGNOSTIC_NOT_AUTOMATICALLY_REGRESSED	0.7876334174818486	0.7754123061021297	0.8137855612086006	PASS	0.2005914451812523	-0.1449952649206739	0.7200527260998242	6.0	1.0	MIXED_OR_NOT_TESTABLE			scRNA	scRNA_measurement_only
mechanism__apc_ifn_apm__reactome_mhc_ii	mechanism_component	32821	39	0.9761904761904762	0.7873918658415409	0.625974025974026	0.8304079363773111					valid	joint_representation_with_uncertainty	scoreable_but_stability_or_null_evidence_is_incomplete_or_overlapping	3752.0	0.7184582093907098	CONCORDANT_WITH_RESIDUAL_COMPOSITION_RISK	1697.0	1697.0	13270.0	-0.08480894132740913		native_score	observed_low_quality_state_proxy_not_contamination_causality	OBSERVED_LOW_QUALITY_STATE_PROXY_AVAILABLE	1876.0	44.0	1.0	0.5916158840253782	COMPUTED_PATIENT_TIMEPOINT_EQUAL_WEIGHT		NOT_TESTABLE_SINGLE_PLATFORM	0.071423292071491	0.44581564639412163	0.42904296688911336	global_cell_state_level_median_on_native_score	DIAGNOSTIC_NOT_AUTOMATICALLY_REGRESSED	0.7846776525007227	0.7449943426647719	0.8232915888645624	PASS	0.7020456827979473	0.5263163395689182	0.7215390560812334	6.0	0.0	PASS_DIRECTIONAL_STABILITY			scRNA	scRNA_measurement_only
mechanism__caf_ecm__curated_stromal_tgfb	mechanism_component	32821	39	1.0	0.8333333333333335	0.7859615394248384	0.8792207792207792	0.7218399504374713	0.4455139482281981	0.7218399504374713	0.4455139482281981	valid	joint_representation_with_uncertainty	scoreable_but_stability_or_null_evidence_is_incomplete_or_overlapping	3752.0	0.8725272263009152	CONCORDANT_WITH_RESIDUAL_COMPOSITION_RISK	1697.0	1697.0	13270.0	-0.051304549313051284		native_score	observed_low_quality_state_proxy_not_contamination_causality	OBSERVED_LOW_QUALITY_STATE_PROXY_AVAILABLE	1876.0	44.0	1.0	0.735941832965058	COMPUTED_PATIENT_TIMEPOINT_EQUAL_WEIGHT		NOT_TESTABLE_SINGLE_PLATFORM	0.12187967692506467	0.2758050537813753	0.28182495915743994	global_cell_state_level_median_on_native_score	DIAGNOSTIC_NOT_AUTOMATICALLY_REGRESSED	0.8955799311430207	0.8211894448931865	0.9295363486234743	PASS	0.7824378515531563	0.6384875614805267	0.9002185963467612	6.0	0.0	PASS_DIRECTIONAL_STABILITY			scRNA	scRNA_measurement_only
mechanism__caf_ecm__hallmark_emt	mechanism_component	32821	39	1.0	0.8206394398998405	0.7556878078466213	0.8672435370085166					valid	joint_representation_with_uncertainty	scoreable_but_stability_or_null_evidence_is_incomplete_or_overlapping	3752.0	0.8765631722419384	CONCORDANT_WITH_RESIDUAL_COMPOSITION_RISK	1697.0	1697.0	13270.0	0.03345679876628349		native_score	observed_low_quality_state_proxy_not_contamination_causality	OBSERVED_LOW_QUALITY_STATE_PROXY_AVAILABLE	1876.0	44.0	1.0	0.7522344005416216	COMPUTED_PATIENT_TIMEPOINT_EQUAL_WEIGHT		NOT_TESTABLE_SINGLE_PLATFORM	0.12495996972387916	0.35393554323191995	0.3389702819962308	global_cell_state_level_median_on_native_score	DIAGNOSTIC_NOT_AUTOMATICALLY_REGRESSED	0.8601489350915336	0.7933105986411264	0.8945766695121689	PASS	0.7704659884722342	0.6300111029612298	0.8625756341116778	6.0	0.0	PASS_DIRECTIONAL_STABILITY			scRNA	scRNA_measurement_only
mechanism__caf_ecm__reactome_ecm	mechanism_component	32821	39	0.9968847352024922	0.8066312021269973	0.7212121212121211	0.8555211558307534					valid	joint_representation_with_uncertainty	scoreable_but_stability_or_null_evidence_is_incomplete_or_overlapping	3752.0	0.8475700954364881	CONCORDANT_WITH_RESIDUAL_COMPOSITION_RISK	1697.0	1697.0	13270.0	0.045615445686823186		native_score	observed_low_quality_state_proxy_not_contamination_causality	OBSERVED_LOW_QUALITY_STATE_PROXY_AVAILABLE	1876.0	44.0	1.0	0.7384380699330669	COMPUTED_PATIENT_TIMEPOINT_EQUAL_WEIGHT		NOT_TESTABLE_SINGLE_PLATFORM	0.08776136291803845	0.39534278723481114	0.36895937004069884	global_cell_state_level_median_on_native_score	DIAGNOSTIC_NOT_AUTOMATICALLY_REGRESSED	0.7718933028508251	0.6749466830163471	0.8054618261255021	PASS	0.7623074347240828	0.5244577227128342	0.8566023981399223	6.0	0.0	PASS_DIRECTIONAL_STABILITY			scRNA	scRNA_measurement_only
mechanism__cytotoxic_t_nk__curated_cytotoxicity	mechanism_component	32821	39	1.0	0.7965686274509804	0.6615067079463364	0.8333333333333335	0.6656799943891478	0.8936702261495985	0.6656799943891478	0.8936702261495985	valid	measurable	positive_study_family_outer_stability_with_technical_route_concordance_and_null_separation	3752.0	0.8773424230410254	CONCORDANT_WITH_RESIDUAL_COMPOSITION_RISK	1697.0	1697.0	13270.0	-0.24609616889523922		native_score	observed_low_quality_state_proxy_not_contamination_causality	OBSERVED_LOW_QUALITY_STATE_PROXY_AVAILABLE	1876.0	44.0	1.0	0.775229267288085	COMPUTED_PATIENT_TIMEPOINT_EQUAL_WEIGHT		NOT_TESTABLE_SINGLE_PLATFORM	0.08851044290572982	0.03166787253087363	0.11380840868929097	global_cell_state_level_median_on_native_score	DIAGNOSTIC_NOT_AUTOMATICALLY_REGRESSED	0.9608502639386044	0.949950376506089	0.9715844442501675	PASS	0.9240382653310388	0.8867117332102417	0.9692228415313876	6.0	0.0	PASS_DIRECTIONAL_STABILITY			scRNA	scRNA_measurement_only
mechanism__cytotoxic_t_nk__curated_nk_cytotoxicity	mechanism_component	32821	39	1.0	0.7380952380952381	0.7071428571428571	0.8267515394048879	0.6964444145718511	0.7991694182742933	0.6964444145718511	0.7991694182742933	valid	measurable	positive_study_family_outer_stability_with_technical_route_concordance_and_null_separation	3752.0	0.8852602938981893	CONCORDANT_WITH_RESIDUAL_COMPOSITION_RISK	1697.0	1697.0	13270.0	-0.23289241384098336		native_score	observed_low_quality_state_proxy_not_contamination_causality	OBSERVED_LOW_QUALITY_STATE_PROXY_AVAILABLE	1876.0	44.0	1.0	0.7997161649921172	COMPUTED_PATIENT_TIMEPOINT_EQUAL_WEIGHT		NOT_TESTABLE_SINGLE_PLATFORM	0.15775588209525268	0.06083605311682363	0.13187316303823074	global_cell_state_level_median_on_native_score	DIAGNOSTIC_NOT_AUTOMATICALLY_REGRESSED	0.9575812703493904	0.9511416428470171	0.9715135771565501	PASS	0.8385377169082422	0.771023231613797	0.903050476119478	6.0	0.0	PASS_DIRECTIONAL_STABILITY			scRNA	scRNA_measurement_only
mechanism__cytotoxic_t_nk__hallmark_allograft_rejection	mechanism_component	32821	39	0.98	0.7493821973383992	0.5759803921568628	0.8095238095238096					valid	joint_representation_with_uncertainty	scoreable_but_stability_or_null_evidence_is_incomplete_or_overlapping	3752.0	0.7099948863585036	CONCORDANT_WITH_RESIDUAL_COMPOSITION_RISK	1697.0	1697.0	13270.0	-0.0076863536214539785		native_score	observed_low_quality_state_proxy_not_contamination_causality	OBSERVED_LOW_QUALITY_STATE_PROXY_AVAILABLE	1876.0	44.0	1.0	0.4975557201840762	COMPUTED_PATIENT_TIMEPOINT_EQUAL_WEIGHT		NOT_TESTABLE_SINGLE_PLATFORM	0.0528711305506919	0.39006326687745424	0.43346130787975107	global_cell_state_level_median_on_native_score	DIAGNOSTIC_NOT_AUTOMATICALLY_REGRESSED	0.913949996339121	0.8948716482194745	0.9270373045099212	PASS	0.5401802833064275	0.40612001898842615	0.7087892826414928	6.0	0.0	PASS_DIRECTIONAL_STABILITY			scRNA	scRNA_measurement_only
mechanism__exhaustion__curated_broad_exhaustion	mechanism_component	32821	39	1.0	0.6153846153846153	0.535219587252368	0.6904761904761906	0.4462330533831328	-0.3196288383969688	0.4462330533831328	-0.3196288383969688	valid	joint_representation_with_uncertainty	scoreable_but_stability_or_null_evidence_is_incomplete_or_overlapping	3752.0	0.9114662351939167	CONCORDANT_WITH_RESIDUAL_COMPOSITION_RISK	1697.0	1697.0	13270.0	0.28558099232113654		native_score	observed_low_quality_state_proxy_not_contamination_causality	OBSERVED_LOW_QUALITY_STATE_PROXY_AVAILABLE	1876.0	44.0	1.0	0.5019801932973188	COMPUTED_PATIENT_TIMEPOINT_EQUAL_WEIGHT		NOT_TESTABLE_SINGLE_PLATFORM	0.19057814637152132	0.14241043556573618	0.10935289322456651	global_cell_state_level_median_on_native_score	DIAGNOSTIC_NOT_AUTOMATICALLY_REGRESSED	0.882427861912072	0.8472173132465106	0.9089004358701525	PASS	0.7495026739346202	0.632251100730568	0.7881444211681865	6.0	0.0	PASS_DIRECTIONAL_STABILITY			scRNA	scRNA_measurement_only
mechanism__exhaustion__sentinel_progenitor_exhaustion	mechanism_component	32821	39	1.0	0.6740342921883128	0.4078102327204349	0.7378647873726218	0.8045359942021192	0.779141364255364	0.8045359942021192	0.779141364255364	valid	joint_representation_with_uncertainty	scoreable_but_stability_or_null_evidence_is_incomplete_or_overlapping	3752.0	0.8721976421279513	CONCORDANT_WITH_RESIDUAL_COMPOSITION_RISK	1697.0	1697.0	13270.0	0.6079256037447225		native_score	observed_low_quality_state_proxy_not_contamination_causality	OBSERVED_LOW_QUALITY_STATE_PROXY_AVAILABLE	1876.0	44.0	1.0	0.6057518970785033	COMPUTED_PATIENT_TIMEPOINT_EQUAL_WEIGHT		NOT_TESTABLE_SINGLE_PLATFORM	0.20109144591907785	0.17571386981092355	0.22044179479513545	global_cell_state_level_median_on_native_score	DIAGNOSTIC_NOT_AUTOMATICALLY_REGRESSED	0.9564517226414229	0.9468627472956533	0.9609520658478105	PASS	0.8374576877862367	0.7888180771707898	0.8863467833824445	6.0	0.0	PASS_DIRECTIONAL_STABILITY			scRNA	scRNA_measurement_only
mechanism__exhaustion__sentinel_terminal_exhaustion	mechanism_component	32821	39	1.0	0.7035714285714285	0.6450816408486879	0.8545454545454544	0.7698428376885628	0.7524139457191112	0.7698428376885628	0.7524139457191112	valid	joint_representation_with_uncertainty	scoreable_but_stability_or_null_evidence_is_incomplete_or_overlapping	3752.0	0.8975539462516405	CONCORDANT_WITH_RESIDUAL_COMPOSITION_RISK	1697.0	1697.0	13270.0	0.07710467203855131		native_score	observed_low_quality_state_proxy_not_contamination_causality	OBSERVED_LOW_QUALITY_STATE_PROXY_AVAILABLE	1876.0	44.0	1.0	0.5437827570077003	COMPUTED_PATIENT_TIMEPOINT_EQUAL_WEIGHT		NOT_TESTABLE_SINGLE_PLATFORM	0.19485478804076545	0.25054555979887216	0.2542648058484872	global_cell_state_level_median_on_native_score	DIAGNOSTIC_NOT_AUTOMATICALLY_REGRESSED	0.9377711197721016	0.9087979297205906	0.9429973903613942	PASS	0.8277478418437019	0.6765630827125516	0.86737141881426	6.0	0.0	PASS_DIRECTIONAL_STABILITY			scRNA	scRNA_measurement_only
mechanism__hypoxia__curated_hypoxia	mechanism_component	32821	39	1.0	0.7378647873726218	0.5793376881798179	0.8062284722024599	0.7176888329427167	0.3609127570910069	0.7176888329427167	0.3609127570910069	valid	joint_representation_with_uncertainty	scoreable_but_stability_or_null_evidence_is_incomplete_or_overlapping	3752.0	0.8016795055621766	CONCORDANT_WITH_RESIDUAL_COMPOSITION_RISK	1697.0	1697.0	13270.0	0.0243648090193469		native_score	observed_low_quality_state_proxy_not_contamination_causality	OBSERVED_LOW_QUALITY_STATE_PROXY_AVAILABLE	1876.0	44.0	1.0	0.4760071435619911	COMPUTED_PATIENT_TIMEPOINT_EQUAL_WEIGHT		NOT_TESTABLE_SINGLE_PLATFORM	0.08660440166739315	0.3432264778118055	0.31711636813622246	global_cell_state_level_median_on_native_score	DIAGNOSTIC_NOT_AUTOMATICALLY_REGRESSED	0.7483408749652347	0.692431751390278	0.7733806436156639	PASS	0.6949779183538605	0.5366285036993649	0.7737170583814879	6.0	0.0	PASS_DIRECTIONAL_STABILITY			scRNA	scRNA_measurement_only
mechanism__hypoxia__hallmark_hypoxia	mechanism_component	32821	39	1.0	0.7812964835697874	0.6904761904761906	0.8494437836833704					valid	joint_representation_with_uncertainty	scoreable_but_stability_or_null_evidence_is_incomplete_or_overlapping	3752.0	0.7738323904734379	CONCORDANT_WITH_RESIDUAL_COMPOSITION_RISK	1697.0	1697.0	13270.0	0.042465421427094974		native_score	observed_low_quality_state_proxy_not_contamination_causality	OBSERVED_LOW_QUALITY_STATE_PROXY_AVAILABLE	1876.0	44.0	1.0	0.6355308264450275	COMPUTED_PATIENT_TIMEPOINT_EQUAL_WEIGHT		NOT_TESTABLE_SINGLE_PLATFORM	0.09100780858452882	0.4435304686581351	0.42466612830874306	global_cell_state_level_median_on_native_score	DIAGNOSTIC_NOT_AUTOMATICALLY_REGRESSED	0.903830437116297	0.8714226851023885	0.925941154883585	PASS	0.6197735489538205	0.502898786185022	0.6710387784716644	6.0	0.0	PASS_DIRECTIONAL_STABILITY			scRNA	scRNA_measurement_only
mechanism__neutrophil_tan_net__reactome_neutrophil_degranulation	mechanism_component	32821	39	0.9895397489539749	0.8296703296703297	0.7520395779874309	0.8725274725274725					valid	joint_representation_with_uncertainty	scoreable_but_stability_or_null_evidence_is_incomplete_or_overlapping	3752.0	0.725089526905783	CONCORDANT_WITH_RESIDUAL_COMPOSITION_RISK	1697.0	1697.0	13270.0	-0.022423528352492283		native_score	observed_low_quality_state_proxy_not_contamination_causality	OBSERVED_LOW_QUALITY_STATE_PROXY_AVAILABLE	1876.0	44.0	1.0	0.6258687910106109	COMPUTED_PATIENT_TIMEPOINT_EQUAL_WEIGHT		NOT_TESTABLE_SINGLE_PLATFORM	0.07192428783664298	0.45824723176828264	0.4596287371094957	global_cell_state_level_median_on_native_score	DIAGNOSTIC_NOT_AUTOMATICALLY_REGRESSED	0.9205580570264144	0.9093104342009973	0.9352880846497115	PASS	0.5368741615405095	0.4994544999379099	0.642379023907975	6.0	0.0	PASS_DIRECTIONAL_STABILITY			scRNA	scRNA_measurement_only
mechanism__neutrophil_tan_net__sentinel_neutrophil_net	mechanism_component	32821	39	1.0	0.8095238095238096	0.7380952380952381	0.8655654500617069	0.4329961951407682	0.6149549127185974	0.4329961951407682	0.6149549127185974	valid	measurable	positive_study_family_outer_stability_with_technical_route_concordance_and_null_separation	3752.0	0.7943500311272749	CONCORDANT_WITH_RESIDUAL_COMPOSITION_RISK	1697.0	1697.0	13270.0	-0.04895364756574461		native_score	observed_low_quality_state_proxy_not_contamination_causality	OBSERVED_LOW_QUALITY_STATE_PROXY_AVAILABLE	1876.0	44.0	1.0	0.7194749409580772	COMPUTED_PATIENT_TIMEPOINT_EQUAL_WEIGHT		NOT_TESTABLE_SINGLE_PLATFORM	0.22007130108164663	0.2989738094358899	0.32636953285488457	global_cell_state_level_median_on_native_score	DIAGNOSTIC_NOT_AUTOMATICALLY_REGRESSED	0.759702128541543	0.6901317932754307	0.8323857732062266	PASS	0.8657515943221954	0.781208377600995	0.9378503674419498	6.0	0.0	PASS_DIRECTIONAL_STABILITY			scRNA	scRNA_measurement_only
mechanism__suppressive_myeloid__curated_myeloid_suppression	mechanism_component	32821	39	1.0	0.5714285714285715	0.4943240454076367	0.6164113456998574	0.01683885456787662	0.4562826057733333	0.01683885456787662	0.4562826057733333	valid	measurable	positive_study_family_outer_stability_with_technical_route_concordance_and_null_separation	3752.0	0.9366248449344754	CONCORDANT_WITH_RESIDUAL_COMPOSITION_RISK	1697.0	1697.0	13270.0	0.06644863353761887		native_score	observed_low_quality_state_proxy_not_contamination_causality	OBSERVED_LOW_QUALITY_STATE_PROXY_AVAILABLE	1876.0	44.0	1.0	0.6336181186196612	COMPUTED_PATIENT_TIMEPOINT_EQUAL_WEIGHT		NOT_TESTABLE_SINGLE_PLATFORM	0.3655688690569302	0.015293465356731347	-0.023700940214641017	global_cell_state_level_median_on_native_score	DIAGNOSTIC_NOT_AUTOMATICALLY_REGRESSED	0.8798679642732817	0.824461056630136	0.9162348880032479	PASS	0.785807247803892	0.683008747212126	0.7996056102767388	6.0	0.0	PASS_DIRECTIONAL_STABILITY			scRNA	scRNA_measurement_only
mechanism__tls_b__reactome_bcr	mechanism_component	32821	39	0.6601307189542484	0.65067987155257	0.5219970978821566	0.7475490196078433					valid	joint_representation_with_uncertainty	scoreable_but_stability_or_null_evidence_is_incomplete_or_overlapping	3752.0	0.9021857076626526	CONCORDANT_WITH_RESIDUAL_COMPOSITION_RISK	1697.0	1697.0	13270.0	-0.017347452061950097		native_score	observed_low_quality_state_proxy_not_contamination_causality	OBSERVED_LOW_QUALITY_STATE_PROXY_AVAILABLE	1876.0	44.0	1.0	0.8095339760448907	COMPUTED_PATIENT_TIMEPOINT_EQUAL_WEIGHT		NOT_TESTABLE_SINGLE_PLATFORM	0.10152043594353982	0.42774322562514916	0.4421399541996275	global_cell_state_level_median_on_native_score	DIAGNOSTIC_NOT_AUTOMATICALLY_REGRESSED	0.8116195445578633	0.7829544042928666	0.8466165413533834	PASS	-0.01269919610931275	-0.3885897618615739	0.22662992673741467	6.0	3.0	MIXED_OR_NOT_TESTABLE			scRNA	scRNA_measurement_only
mechanism__tls_b__sentinel_tls_b	mechanism_component	32821	39	1.0	0.6904761904761906	0.6060307215942463	0.7619047619047621	0.7394776062701276	0.2014207364828139	0.7394776062701276	0.2014207364828139	valid	joint_representation_with_uncertainty	scoreable_but_stability_or_null_evidence_is_incomplete_or_overlapping	3752.0	0.8522858010523031	CONCORDANT_WITH_RESIDUAL_COMPOSITION_RISK	1697.0	1697.0	13270.0	-0.037995384122200715		native_score	observed_low_quality_state_proxy_not_contamination_causality	OBSERVED_LOW_QUALITY_STATE_PROXY_AVAILABLE	1876.0	44.0	1.0	0.6095844791653023	COMPUTED_PATIENT_TIMEPOINT_EQUAL_WEIGHT		NOT_TESTABLE_SINGLE_PLATFORM	0.07606985283948137	0.3574477532195594	0.38499507166197683	global_cell_state_level_median_on_native_score	DIAGNOSTIC_NOT_AUTOMATICALLY_REGRESSED	0.8821256503278477	0.8457223488074855	0.898025738077397	PASS	0.6655759737307495	0.3638028049748807	0.8162973296621573	6.0	0.0	PASS_DIRECTIONAL_STABILITY			scRNA	scRNA_measurement_only
mechanism__wnt_beta_catenin__hallmark_wnt_beta_catenin	mechanism_component	32821	39	1.0	0.8012987012987013	0.6428571428571429	0.8961938811177557	0.9436414650753667	0.836070752263336	0.9436414650753667	0.836070752263336	valid	joint_representation_with_uncertainty	scoreable_but_stability_or_null_evidence_is_incomplete_or_overlapping	3752.0	0.6659493535383955	CONCORDANT_WITH_RESIDUAL_COMPOSITION_RISK	1697.0	1697.0	13270.0	0.11813741195422445		native_score	observed_low_quality_state_proxy_not_contamination_causality	OBSERVED_LOW_QUALITY_STATE_PROXY_AVAILABLE	1876.0	44.0	1.0	0.5220898002399428	COMPUTED_PATIENT_TIMEPOINT_EQUAL_WEIGHT		NOT_TESTABLE_SINGLE_PLATFORM	0.04003596240226893	0.5066138011660702	0.4898902860947809	global_cell_state_level_median_on_native_score	DIAGNOSTIC_NOT_AUTOMATICALLY_REGRESSED	0.8709691843919543	0.8445199059609261	0.8957982372417279	PASS	0.48287896569826283	0.134834028659532	0.7420812391666995	6.0	0.0	PASS_DIRECTIONAL_STABILITY			scRNA	scRNA_measurement_only
mechanism__wnt_beta_catenin__reactome_wnt	mechanism_component	32821	39	0.9621451104100947	0.7765695461864282	0.6862745098039217	0.8333333333333335					valid	joint_representation_with_uncertainty	scoreable_but_stability_or_null_evidence_is_incomplete_or_overlapping	3752.0	0.6953460078531194	CONCORDANT_WITH_RESIDUAL_COMPOSITION_RISK	1697.0	1697.0	13270.0	0.027057499570914523		native_score	observed_low_quality_state_proxy_not_contamination_causality	OBSERVED_LOW_QUALITY_STATE_PROXY_AVAILABLE	1876.0	44.0	1.0	0.475731497224559	COMPUTED_PATIENT_TIMEPOINT_EQUAL_WEIGHT		NOT_TESTABLE_SINGLE_PLATFORM	0.08594978774770665	0.4491342726175403	0.46250344781217023	global_cell_state_level_median_on_native_score	DIAGNOSTIC_NOT_AUTOMATICALLY_REGRESSED	0.880745504775311	0.8565527908199537	0.893191278807093	PASS	0.3536979067357841	0.091951882582282	0.6305814052761888	6.0	1.0	PASS_DIRECTIONAL_STABILITY			scRNA	scRNA_measurement_only
mechanism__wnt_beta_catenin__sentinel_tumor_wnt	mechanism_component	32821	39	1.0	0.8364047225566248	0.6599111038567038	0.870983794004129	0.7114328348831365	0.3141955979768525	0.7114328348831365	0.3141955979768525	valid	joint_representation_with_uncertainty	scoreable_but_stability_or_null_evidence_is_incomplete_or_overlapping	3752.0	0.6602881008045475	CONCORDANT_WITH_RESIDUAL_COMPOSITION_RISK	1697.0	1697.0	13270.0	0.23858415518890164		native_score	observed_low_quality_state_proxy_not_contamination_causality	OBSERVED_LOW_QUALITY_STATE_PROXY_AVAILABLE	1876.0	44.0	1.0	0.601752347080582	COMPUTED_PATIENT_TIMEPOINT_EQUAL_WEIGHT		NOT_TESTABLE_SINGLE_PLATFORM	0.06771318497639643	0.3985060682410725	0.38599252109567395	global_cell_state_level_median_on_native_score	DIAGNOSTIC_NOT_AUTOMATICALLY_REGRESSED	0.8774669179032669	0.8538581685713184	0.9053452230080831	PASS	0.7097203034755333	0.580189371352358	0.8555614454958237	6.0	0.0	PASS_DIRECTIONAL_STABILITY			scRNA	scRNA_measurement_only
